,datetime,team1,team2,team1_code,team2_code,round,score1,score2,adj_score1,adj_score2,chances1,chances2,moves1,moves2,group,matchday
0,2016-09-13 14:45:00+00:00,Barcelona,Celtic,BAR,CEL,g,7,0,6.772,0.0,3.822,0.785,3.875,0.053,,
1,2016-09-13 14:45:00+00:00,Bayern Munich,Rostov,BMU,ROS,g,5,0,4.737,0.0,3.312,0.209,2.255,0.857,,
2,2016-09-13 14:45:00+00:00,Dynamo Kiev,Napoli,KIEV,NAP,g,1,2,1.05,2.1,0.459,1.425,0.481,0.644,,
3,2016-09-13 14:45:00+00:00,Benfica,Besiktas,BEN,BES,g,1,1,1.05,1.05,1.449,0.716,1.169,1.024,,
4,2016-09-13 14:45:00+00:00,Paris Saint-Germain,Arsenal,PSG,ARS,g,1,1,1.05,1.05,2.592,0.719,1.807,2.302,,
5,2016-09-13 14:45:00+00:00,Basel,Ludogorets,BAS,LUD,g,1,1,1.05,1.05,0.807,0.492,1.24,0.384,,
6,2016-09-13 14:45:00+00:00,PSV,Atletico Madrid,PSV,ATL,g,0,1,0.0,1.05,1.384,1.234,1.8290000000000002,1.8050000000000002,,
7,2016-09-14 14:45:00+00:00,Club Brugge,Leicester City,CBKV,LEI,g,0,3,0.0,3.15,0.875,2.163,1.156,1.055,,
8,2016-09-14 14:45:00+00:00,Tottenham Hotspur,AS Monaco,TOT,MON,g,1,2,1.05,2.1,1.22,0.783,1.349,0.41600000000000004,,
9,2016-09-14 14:45:00+00:00,Manchester City,Borussia Monchengladbach,MNC,MGB,g,4,0,3.4939999999999998,0.0,4.828,0.218,2.71,1.244,,
10,2016-09-14 14:45:00+00:00,Juventus,Sevilla FC,JUV,SEV,g,0,0,0.0,0.0,1.4020000000000001,0.07099999999999901,2.111,0.247,,
11,2016-09-14 14:45:00+00:00,Legia Warsaw,Borussia Dortmund,WAR,DOR,g,0,6,0.0,5.732,0.322,5.9879999999999995,1.005,3.128,,
12,2016-09-14 14:45:00+00:00,Real Madrid,Sporting CP,MAD,SCP,g,2,1,2.1,1.05,1.5939999999999999,0.305,1.149,0.636,,
13,2016-09-14 14:45:00+00:00,Bayer Leverkusen,CSKA Moscow,LEV,CSKA,g,2,2,2.1,2.1,1.381,0.9450000000000001,2.206,1.605,,
14,2016-09-14 14:45:00+00:00,FC Porto,FC Copenhagen,POR,COP,g,1,1,1.05,1.05,0.431,0.5669999999999991,1.492,0.802,,
15,2016-09-14 14:45:00+00:00,Lyon,Dinamo Zagreb,LYON,DIN,g,3,0,3.15,0.0,1.5779999999999998,1.433,1.755,1.186,,
16,2016-09-27 14:45:00+00:00,Dinamo Zagreb,Juventus,DIN,JUV,g,0,4,0.0,3.817,0.137,1.887,0.17,2.075,,
17,2016-09-27 14:45:00+00:00,FC Copenhagen,Club Brugge,COP,CBKV,g,4,0,3.675,0.0,2.122,0.28,1.756,0.508,,
18,2016-09-27 14:45:00+00:00,Leicester City,FC Porto,LEI,POR,g,1,0,1.05,0.0,0.746,0.63,0.8270000000000001,1.155,,
19,2016-09-27 14:45:00+00:00,Borussia Dortmund,Real Madrid,DOR,MAD,g,2,2,2.1,2.1,1.834,2.599,1.745,1.662,,
20,2016-09-27 14:45:00+00:00,Sporting CP,Legia Warsaw,SCP,WAR,g,2,0,2.1,0.0,1.9649999999999999,0.23900000000000002,2.126,0.558,,
21,2016-09-27 14:45:00+00:00,CSKA Moscow,Tottenham Hotspur,CSKA,TOT,g,0,1,0.0,1.05,0.456,1.893,1.1440000000000001,2.424,,
22,2016-09-27 14:45:00+00:00,AS Monaco,Bayer Leverkusen,MON,LEV,g,1,1,1.05,1.05,0.309,0.888,1.105,0.644,,
23,2016-09-27 14:45:00+00:00,Sevilla FC,Lyon,SEV,LYON,g,1,0,1.05,0.0,3.242,0.657,1.737,1.362,,
24,2016-09-28 14:45:00+00:00,Arsenal,Basel,ARS,BAS,g,2,0,2.1,0.0,2.797,0.618,3.055,0.8250000000000001,,
25,2016-09-28 14:45:00+00:00,Celtic,Manchester City,CEL,MNC,g,3,3,3.15,3.15,0.9440000000000001,2.243,0.762,2.005,,
26,2016-09-28 14:45:00+00:00,Napoli,Benfica,NAP,BEN,g,4,2,4.2,2.1,2.66,1.537,1.151,0.634,,
27,2016-09-28 14:45:00+00:00,Atletico Madrid,Bayern Munich,ATL,BMU,g,1,0,1.05,0.0,1.843,0.984,1.149,1.876,,
28,2016-09-28 14:45:00+00:00,Borussia Monchengladbach,Barcelona,MGB,BAR,g,1,2,1.05,2.1,0.855,1.4849999999999999,0.784,2.156,,
29,2016-09-28 14:45:00+00:00,Besiktas,Dynamo Kiev,BES,KIEV,g,1,1,1.05,1.05,0.706,1.1280000000000001,0.81,0.74,,
30,2016-09-28 14:45:00+00:00,Rostov,PSV,ROS,PSV,g,2,2,2.1,2.1,0.737,1.875,1.484,2.201,,
31,2016-09-28 14:45:00+00:00,Ludogorets,Paris Saint-Germain,LUD,PSG,g,1,3,1.05,3.15,1.045,2.329,0.354,2.005,,
32,2016-10-18 14:45:00+00:00,Club Brugge,FC Porto,CBKV,POR,g,1,2,1.05,2.1,0.891,2.088,1.328,1.8940000000000001,,
33,2016-10-18 14:45:00+00:00,Dinamo Zagreb,Sevilla FC,DIN,SEV,g,0,1,0.0,1.05,0.116,2.001,0.176,1.446,,
34,2016-10-18 14:45:00+00:00,Leicester City,FC Copenhagen,LEI,COP,g,1,0,1.05,0.0,0.892,0.512,1.175,1.153,,
35,2016-10-18 14:45:00+00:00,Real Madrid,Legia Warsaw,MAD,WAR,g,5,1,4.886,1.05,3.388,1.4969999999999999,3.659,0.808,,
36,2016-10-18 14:45:00+00:00,Bayer Leverkusen,Tottenham Hotspur,LEV,TOT,g,0,0,0.0,0.0,2.16,0.742,1.5350000000000001,0.6990000000000001,,
37,2016-10-18 14:45:00+00:00,Sporting CP,Borussia Dortmund,SCP,DOR,g,1,2,1.05,2.1,0.79,0.983,1.7109999999999999,1.153,,
38,2016-10-18 14:45:00+00:00,CSKA Moscow,AS Monaco,CSKA,MON,g,1,1,1.05,1.05,1.236,1.544,0.858,1.8439999999999999,,
39,2016-10-18 14:45:00+00:00,Lyon,Juventus,LYON,JUV,g,0,1,0.0,1.05,1.955,0.863,1.228,1.545,,
40,2016-10-19 14:45:00+00:00,Arsenal,Ludogorets,ARS,LUD,g,6,0,5.549,0.0,2.134,0.418,2.231,0.8230000000000001,,
41,2016-10-19 14:45:00+00:00,Celtic,Borussia Monchengladbach,CEL,MGB,g,0,2,0.0,1.932,0.617,1.033,1.195,1.467,,
42,2016-10-19 14:45:00+00:00,Napoli,Besiktas,NAP,BES,g,2,3,2.1,3.15,3.769,1.376,1.522,0.6909999999999991,,
43,2016-10-19 14:45:00+00:00,Barcelona,Manchester City,BAR,MNC,g,4,0,3.707,0.0,3.576,1.217,1.869,0.995,,
44,2016-10-19 14:45:00+00:00,Bayern Munich,PSV,BMU,PSV,g,4,1,3.8449999999999998,1.05,4.134,1.675,3.297,1.017,,
45,2016-10-19 14:45:00+00:00,Dynamo Kiev,Benfica,KIEV,BEN,g,0,2,0.0,2.1,1.738,1.6179999999999999,0.993,0.789,,
46,2016-10-19 14:45:00+00:00,Rostov,Atletico Madrid,ROS,ATL,g,0,1,0.0,1.05,0.08799999999999901,1.949,0.556,1.651,,
47,2016-10-19 14:45:00+00:00,Paris Saint-Germain,Basel,PSG,BAS,g,3,0,2.625,0.0,2.547,1.304,1.428,0.924,,
48,2016-11-01 13:45:00+00:00,Besiktas,Napoli,BES,NAP,g,1,1,1.05,1.05,1.286,1.463,0.429,1.5350000000000001,,
49,2016-11-01 15:45:00+00:00,Manchester City,Barcelona,MNC,BAR,g,3,1,3.055,1.05,2.004,1.881,1.701,1.9220000000000002,,
50,2016-11-01 15:45:00+00:00,Atletico Madrid,Rostov,ATL,ROS,g,2,1,2.1,1.05,2.056,0.431,2.9699999999999998,0.116,,
51,2016-11-01 15:45:00+00:00,Borussia Monchengladbach,Celtic,MGB,CEL,g,1,1,1.05,1.05,1.8050000000000002,1.369,1.888,0.909,,
52,2016-11-01 15:45:00+00:00,Benfica,Dynamo Kiev,BEN,KIEV,g,1,0,1.05,0.0,1.643,1.186,1.154,0.838,,
53,2016-11-01 15:45:00+00:00,Basel,Paris Saint-Germain,BAS,PSG,g,1,2,1.05,2.1,0.687,2.432,0.608,2.236,,
54,2016-11-01 15:45:00+00:00,PSV,Bayern Munich,PSV,BMU,g,1,2,1.05,2.1,0.919,4.691,0.5679999999999991,3.643,,
55,2016-11-01 15:45:00+00:00,Ludogorets,Arsenal,LUD,ARS,g,2,3,2.1,3.15,1.616,1.9849999999999999,0.593,2.219,,
56,2016-11-02 15:45:00+00:00,FC Copenhagen,Leicester City,COP,LEI,g,0,0,0.0,0.0,1.8719999999999999,0.449,1.218,0.608,,
57,2016-11-02 15:45:00+00:00,Tottenham Hotspur,Bayer Leverkusen,TOT,LEV,g,0,1,0.0,1.05,0.482,1.172,0.777,1.452,,
58,2016-11-02 15:45:00+00:00,Juventus,Lyon,JUV,LYON,g,1,1,1.05,1.05,1.599,1.124,0.903,1.152,,
59,2016-11-02 15:45:00+00:00,Legia Warsaw,Real Madrid,WAR,MAD,g,3,3,3.15,3.15,0.526,2.527,0.9570000000000001,3.5869999999999997,,
60,2016-11-02 15:45:00+00:00,Borussia Dortmund,Sporting CP,DOR,SCP,g,1,0,1.05,0.0,1.137,1.328,1.401,0.906,,
61,2016-11-02 15:45:00+00:00,FC Porto,Club Brugge,POR,CBKV,g,1,0,1.05,0.0,0.9570000000000001,0.419,1.275,1.161,,
62,2016-11-02 15:45:00+00:00,AS Monaco,CSKA Moscow,MON,CSKA,g,3,0,3.15,0.0,3.179,0.42,2.628,0.744,,
63,2016-11-02 15:45:00+00:00,Sevilla FC,Dinamo Zagreb,SEV,DIN,g,4,0,3.5140000000000002,0.0,2.784,0.089,3.399,0.168,,
64,2016-11-22 12:00:00+00:00,CSKA Moscow,Bayer Leverkusen,CSKA,LEV,g,1,1,1.05,1.05,1.7570000000000001,1.266,1.9729999999999999,1.728,,
65,2016-11-22 14:45:00+00:00,Dinamo Zagreb,Lyon,DIN,LYON,g,0,1,0.0,1.05,0.335,2.034,0.54,1.271,,
66,2016-11-22 14:45:00+00:00,FC Copenhagen,FC Porto,COP,POR,g,0,0,0.0,0.0,0.46,1.861,1.102,1.412,,
67,2016-11-22 14:45:00+00:00,Leicester City,Club Brugge,LEI,CBKV,g,2,1,2.1,1.05,2.086,0.266,1.211,1.451,,
68,2016-11-22 14:45:00+00:00,Borussia Dortmund,Legia Warsaw,DOR,WAR,g,8,4,7.599,4.2,4.788,1.74,3.153,1.309,,
69,2016-11-22 14:45:00+00:00,Sporting CP,Real Madrid,SCP,MAD,g,1,2,1.05,2.1,1.203,0.858,1.007,1.2690000000000001,,
70,2016-11-22 14:45:00+00:00,AS Monaco,Tottenham Hotspur,MON,TOT,g,2,1,2.1,1.05,2.946,1.048,1.482,0.8240000000000001,,
71,2016-11-22 14:45:00+00:00,Sevilla FC,Juventus,SEV,JUV,g,1,3,1.05,2.625,0.227,1.176,0.984,1.199,,
72,2016-11-23 12:00:00+00:00,Rostov,Bayern Munich,ROS,BMU,g,3,2,3.15,2.1,1.5190000000000001,1.367,0.758,2.362,,
73,2016-11-23 12:45:00+00:00,Besiktas,Benfica,BES,BEN,g,3,3,3.15,3.15,1.857,2.613,0.782,0.9560000000000001,,
74,2016-11-23 14:45:00+00:00,Arsenal,Paris Saint-Germain,ARS,PSG,g,2,2,2.1,2.1,0.96,1.699,1.23,1.294,,
75,2016-11-23 14:45:00+00:00,Celtic,Barcelona,CEL,BAR,g,0,2,0.0,2.1,0.725,3.243,1.056,3.337,,
76,2016-11-23 14:45:00+00:00,Napoli,Dynamo Kiev,NAP,KIEV,g,0,0,0.0,0.0,0.747,0.178,1.27,0.031,,
77,2016-11-23 14:45:00+00:00,Atletico Madrid,PSV,ATL,PSV,g,2,0,2.1,0.0,1.097,0.125,1.335,0.187,,
78,2016-11-23 14:45:00+00:00,Borussia Monchengladbach,Manchester City,MGB,MNC,g,1,1,1.05,1.05,0.635,1.284,0.391,1.9420000000000002,,
79,2016-11-23 14:45:00+00:00,Ludogorets,Basel,LUD,BAS,g,0,0,0.0,0.0,0.139,0.527,0.432,1.028,,
80,2016-12-06 14:45:00+00:00,Manchester City,Celtic,MNC,CEL,g,1,1,1.05,1.05,0.7010000000000001,1.604,1.188,0.8129999999999991,,
81,2016-12-06 14:45:00+00:00,Barcelona,Borussia Monchengladbach,BAR,MGB,g,4,0,4.2,0.0,2.878,0.027,3.171,0.626,,
82,2016-12-06 14:45:00+00:00,Bayern Munich,Atletico Madrid,BMU,ATL,g,1,0,1.05,0.0,1.25,0.274,1.722,0.842,,
83,2016-12-06 14:45:00+00:00,Dynamo Kiev,Besiktas,KIEV,BES,g,6,0,6.125,0.0,3.496,0.28400000000000003,1.259,0.641,,
84,2016-12-06 14:45:00+00:00,Benfica,Napoli,BEN,NAP,g,1,2,1.05,1.884,1.576,1.832,1.403,1.474,,
85,2016-12-06 14:45:00+00:00,Paris Saint-Germain,Ludogorets,PSG,LUD,g,2,2,2.1,2.1,2.379,1.024,2.15,0.579,,
86,2016-12-06 14:45:00+00:00,Basel,Arsenal,BAS,ARS,g,1,4,1.05,4.2,1.346,2.12,1.811,1.404,,
87,2016-12-06 14:45:00+00:00,PSV,Rostov,PSV,ROS,g,0,0,0.0,0.0,1.016,0.464,2.454,0.743,,
88,2016-12-07 14:45:00+00:00,Club Brugge,FC Copenhagen,CBKV,COP,g,0,2,0.0,2.1,0.31,0.804,1.338,1.477,,
89,2016-12-07 14:45:00+00:00,Tottenham Hotspur,CSKA Moscow,TOT,CSKA,g,3,1,2.9699999999999998,1.05,3.249,0.855,2.9210000000000003,0.652,,
90,2016-12-07 14:45:00+00:00,Juventus,Dinamo Zagreb,JUV,DIN,g,2,0,2.036,0.0,1.375,0.099,2.017,0.33,,
91,2016-12-07 14:45:00+00:00,Legia Warsaw,Sporting CP,WAR,SCP,g,1,0,1.05,0.0,1.749,1.564,0.92,2.16,,
92,2016-12-07 14:45:00+00:00,Real Madrid,Borussia Dortmund,MAD,DOR,g,2,2,2.1,2.1,3.606,2.052,1.784,1.452,,
93,2016-12-07 14:45:00+00:00,Bayer Leverkusen,AS Monaco,LEV,MON,g,3,0,2.859,0.0,2.022,0.6950000000000001,0.989,1.581,,
94,2016-12-07 14:45:00+00:00,FC Porto,Leicester City,POR,LEI,g,5,0,5.082,0.0,2.566,0.332,1.613,0.56,,
95,2016-12-07 14:45:00+00:00,Lyon,Sevilla FC,LYON,SEV,g,0,0,0.0,0.0,1.448,0.246,2.073,0.217,,
96,2017-02-14 14:45:00+00:00,Benfica,Borussia Dortmund,BEN,DOR,k,1,0,1.05,0.0,0.655,2.755,0.392,1.842,,
97,2017-02-14 14:45:00+00:00,Paris Saint-Germain,Barcelona,PSG,BAR,k,4,0,4.175,0.0,1.451,0.991,1.766,1.266,,
98,2017-02-15 14:45:00+00:00,Real Madrid,Napoli,MAD,NAP,k,3,1,3.15,1.05,1.643,0.845,2.936,0.849,,
99,2017-02-15 14:45:00+00:00,Bayern Munich,Arsenal,BMU,ARS,k,5,1,4.786,1.05,2.656,1.197,2.467,0.976,,
100,2017-02-21 14:45:00+00:00,Manchester City,AS Monaco,MNC,MON,k,5,3,4.941,3.15,2.757,2.819,2.119,1.056,,
101,2017-02-21 14:45:00+00:00,Bayer Leverkusen,Atletico Madrid,LEV,ATL,k,2,4,2.1,3.787,0.856,2.808,1.3519999999999999,1.574,,
102,2017-02-22 14:45:00+00:00,FC Porto,Juventus,POR,JUV,k,0,2,0.0,2.006,0.138,1.28,0.332,2.575,,
103,2017-02-22 14:45:00+00:00,Sevilla FC,Leicester City,SEV,LEI,k,2,1,2.1,1.05,2.457,0.665,1.925,0.589,,
104,2017-03-07 14:45:00+00:00,Arsenal,Bayern Munich,ARS,BMU,k,1,5,1.05,4.445,0.645,3.65,1.349,1.726,,
105,2017-03-07 14:45:00+00:00,Napoli,Real Madrid,NAP,MAD,k,1,3,1.05,2.625,0.917,1.9889999999999999,0.809,2.021,,
106,2017-03-08 14:45:00+00:00,Barcelona,Paris Saint-Germain,BAR,PSG,k,6,1,4.793,1.05,3.104,1.52,2.211,0.495,,
107,2017-03-08 14:45:00+00:00,Borussia Dortmund,Benfica,DOR,BEN,k,4,0,3.815,0.0,2.275,0.425,1.7850000000000001,0.516,,
108,2017-03-14 15:45:00+00:00,Leicester City,Sevilla FC,LEI,SEV,k,2,0,2.1,0.0,1.5310000000000001,1.329,1.086,1.923,,
109,2017-03-14 15:45:00+00:00,Juventus,FC Porto,JUV,POR,k,1,0,1.05,0.0,2.411,0.513,3.387,0.332,,
110,2017-03-15 15:45:00+00:00,Atletico Madrid,Bayer Leverkusen,ATL,LEV,k,0,0,0.0,0.0,0.882,1.9969999999999999,1.27,1.812,,
111,2017-03-15 15:45:00+00:00,AS Monaco,Manchester City,MON,MNC,k,3,1,2.981,1.05,1.6720000000000002,1.32,0.833,0.9590000000000001,,
112,2017-04-11 14:45:00+00:00,Juventus,Barcelona,JUV,BAR,q,3,0,3.15,0.0,0.934,1.418,1.188,2.503,,
113,2017-04-12 12:45:00+00:00,Borussia Dortmund,AS Monaco,DOR,MON,q,2,3,2.1,2.927,2.192,2.032,2.189,0.8300000000000001,,
114,2017-04-12 14:45:00+00:00,Atletico Madrid,Leicester City,ATL,LEI,q,1,0,1.05,0.0,1.229,0.196,1.956,0.355,,
115,2017-04-12 14:45:00+00:00,Bayern Munich,Real Madrid,BMU,MAD,q,1,2,1.05,2.1,1.521,2.117,1.892,3.692,,
116,2017-04-18 14:45:00+00:00,Leicester City,Atletico Madrid,LEI,ATL,q,1,1,1.05,1.05,1.822,0.154,1.513,0.715,,
117,2017-04-18 14:45:00+00:00,Real Madrid,Bayern Munich,MAD,BMU,q,4,2,3.675,2.1,3.052,2.931,2.981,2.455,,
118,2017-04-19 14:45:00+00:00,Barcelona,Juventus,BAR,JUV,q,0,0,0.0,0.0,1.599,0.8200000000000001,4.66,0.838,,
119,2017-04-19 14:45:00+00:00,AS Monaco,Borussia Dortmund,MON,DOR,q,3,1,2.864,1.05,2.496,1.349,1.787,1.509,,
120,2017-05-02 14:45:00+00:00,Real Madrid,Atletico Madrid,MAD,ATL,s,3,0,2.682,0.0,2.661,0.195,1.637,0.53,,
121,2017-05-03 14:45:00+00:00,AS Monaco,Juventus,MON,JUV,s,0,2,0.0,2.1,1.9580000000000002,1.098,1.313,1.449,,
122,2017-05-09 14:45:00+00:00,Juventus,AS Monaco,JUV,MON,s,2,1,2.1,1.05,2.095,0.991,1.975,0.861,,
123,2017-05-10 14:45:00+00:00,Atletico Madrid,Real Madrid,ATL,MAD,s,2,1,2.1,1.05,1.717,2.073,1.174,2.1390000000000002,,
124,2017-06-03 14:45:00+00:00,Juventus,Real Madrid,JUV,MAD,f,1,4,1.05,3.6790000000000003,0.432,2.08,1.193,1.866,,
125,2017-09-12 18:45:00+00:00,Chelsea,FK Qarabag,CHE,QBG,g,6,0,,,,,,,C,
126,2017-09-12 18:45:00+00:00,Manchester United,Basel,MAN,BAS,g,3,0,2.798,0.0,3.187,0.532,2.166,0.54,A,
127,2017-09-12 18:45:00+00:00,Celtic,Paris Saint-Germain,CEL,PSG,g,0,5,0.0,4.549,0.267,2.407,0.492,2.14,B,
128,2017-09-12 18:45:00+00:00,AS Roma,Atletico Madrid,ROM,ATL,g,0,0,0.0,0.0,0.47300000000000003,2.495,1.119,2.017,C,
129,2017-09-12 18:45:00+00:00,Barcelona,Juventus,BAR,JUV,g,3,0,3.15,0.0,1.241,0.7020000000000001,1.104,1.142,D,
130,2017-09-12 18:45:00+00:00,Bayern Munich,Anderlecht,BMU,RSCA,g,3,0,2.105,0.0,4.052,0.861,3.623,0.601,B,
131,2017-09-12 18:45:00+00:00,Olympiacos,Sporting CP,OLY,SCP,g,2,3,2.1,3.15,1.249,2.298,1.412,0.744,D,
132,2017-09-12 18:45:00+00:00,Benfica,CSKA Moscow,BEN,CSKA,g,1,2,1.05,2.1,1.528,1.768,2.169,1.179,A,
133,2017-09-13 18:45:00+00:00,Liverpool,Sevilla FC,LIV,SEV,g,2,2,2.1,1.6800000000000002,2.499,1.267,2.332,0.74,E,
134,2017-09-13 18:45:00+00:00,Tottenham Hotspur,Borussia Dortmund,TOT,DOR,g,3,1,3.15,0.84,1.459,1.093,0.776,1.095,H,
135,2017-09-13 18:45:00+00:00,Real Madrid,Apoel Nicosia,MAD,NIC,g,3,0,3.15,0.0,4.514,0.192,2.534,0.263,H,
136,2017-09-13 18:45:00+00:00,NK Maribor,Spartak Moscow,MAR,SPM,g,1,1,1.05,1.05,0.9580000000000001,1.396,1.369,1.804,E,
137,2017-09-13 18:45:00+00:00,Shakhtar Donetsk,Napoli,SHK,NAP,g,2,1,2.1,1.05,1.5230000000000001,1.725,0.47600000000000003,1.593,F,
138,2017-09-13 18:45:00+00:00,FC Porto,Besiktas,POR,BES,g,1,3,1.05,2.755,1.585,0.85,2.616,0.787,G,
139,2017-09-13 18:45:00+00:00,Feyenoord,Manchester City,FEY,MNC,g,0,4,0.0,4.2,0.268,1.58,0.275,1.354,F,
140,2017-09-13 18:45:00+00:00,RB Leipzig,AS Monaco,RBL,MON,g,1,1,1.05,1.05,0.93,1.351,0.51,0.892,G,
141,2017-09-26 18:45:00+00:00,Apoel Nicosia,Tottenham Hotspur,NIC,TOT,g,0,3,0.0,3.15,1.018,2.165,1.117,0.717,H,
142,2017-09-26 18:45:00+00:00,Manchester City,Shakhtar Donetsk,MNC,SHK,g,2,0,1.599,0.0,3.36,0.499,1.51,0.42,F,
143,2017-09-26 18:45:00+00:00,Napoli,Feyenoord,NAP,FEY,g,3,1,3.15,1.05,1.097,1.4969999999999999,1.088,0.487,F,
144,2017-09-26 18:45:00+00:00,Borussia Dortmund,Real Madrid,DOR,MAD,g,1,3,1.05,2.925,1.223,3.399,1.584,1.803,H,
145,2017-09-26 18:45:00+00:00,Besiktas,RB Leipzig,BES,RBL,g,2,0,2.1,0.0,0.835,1.082,0.777,1.311,G,
146,2017-09-26 18:45:00+00:00,Spartak Moscow,Liverpool,SPM,LIV,g,1,1,1.05,1.05,0.11800000000000001,2.618,0.245,2.177,E,
147,2017-09-26 18:45:00+00:00,AS Monaco,FC Porto,MON,POR,g,0,3,0.0,2.658,0.6960000000000001,3.753,1.376,2.159,G,
148,2017-09-26 18:45:00+00:00,Sevilla FC,NK Maribor,SEV,MAR,g,3,0,2.8200000000000003,0.0,3.847,0.28600000000000003,3.541,0.317,E,
149,2017-09-27 16:00:00+00:00,FK Qarabag,AS Roma,QBG,ROM,g,1,2,1.05,2.1,0.751,1.788,0.708,2.031,C,
150,2017-09-27 18:45:00+00:00,Anderlecht,Celtic,RSCA,CEL,g,0,3,0.0,2.625,0.518,1.145,1.203,0.549,B,
151,2017-09-27 18:45:00+00:00,Juventus,Olympiacos,JUV,OLY,g,2,0,1.859,0.0,2.752,0.362,2.532,0.549,D,
152,2017-09-27 18:45:00+00:00,Atletico Madrid,Chelsea,ATL,CHE,g,1,2,1.05,2.1,1.459,2.293,0.439,2.103,C,
153,2017-09-27 18:45:00+00:00,Sporting CP,Barcelona,SCP,BAR,g,0,1,0.0,1.05,0.47800000000000004,0.797,1.071,1.635,D,
154,2017-09-27 18:45:00+00:00,CSKA Moscow,Manchester United,CSKA,MAN,g,1,4,1.05,4.2,0.514,3.832,0.937,1.915,A,
155,2017-09-27 18:45:00+00:00,Paris Saint-Germain,Bayern Munich,PSG,BMU,g,3,0,3.15,0.0,1.994,1.052,1.05,2.301,B,
156,2017-09-27 18:45:00+00:00,Basel,Benfica,BAS,BEN,g,5,0,4.074,0.0,3.148,0.579,0.6990000000000001,0.795,A,
157,2017-10-17 18:45:00+00:00,Apoel Nicosia,Borussia Dortmund,NIC,DOR,g,1,1,1.05,1.05,0.8159999999999991,1.7069999999999999,1.208,1.955,H,
158,2017-10-17 18:45:00+00:00,Manchester City,Napoli,MNC,NAP,g,2,1,2.1,1.05,2.457,2.209,1.443,0.9490000000000001,F,
159,2017-10-17 18:45:00+00:00,Real Madrid,Tottenham Hotspur,MAD,TOT,g,1,1,1.05,1.05,3.412,0.9460000000000001,2.36,1.105,H,
160,2017-10-17 18:45:00+00:00,NK Maribor,Liverpool,MAR,LIV,g,0,7,0.0,6.423,0.376,4.014,0.641,3.5300000000000002,E,
161,2017-10-17 18:45:00+00:00,Spartak Moscow,Sevilla FC,SPM,SEV,g,5,1,4.644,1.05,1.348,1.47,1.436,1.823,E,
162,2017-10-17 18:45:00+00:00,AS Monaco,Besiktas,MON,BES,g,1,2,1.05,2.1,0.669,1.415,1.189,1.028,G,
163,2017-10-17 18:45:00+00:00,Feyenoord,Shakhtar Donetsk,FEY,SHK,g,1,2,0.84,2.1,1.76,1.073,0.881,1.3519999999999999,F,
164,2017-10-17 18:45:00+00:00,RB Leipzig,FC Porto,RBL,POR,g,3,2,3.15,2.1,2.254,0.9550000000000001,1.413,1.541,G,
165,2017-10-18 16:00:00+00:00,FK Qarabag,Atletico Madrid,QBG,ATL,g,0,0,0.0,0.0,0.334,1.913,0.627,1.812,C,
166,2017-10-18 18:45:00+00:00,Anderlecht,Paris Saint-Germain,RSCA,PSG,g,0,4,0.0,3.741,1.09,3.449,0.966,1.879,B,
167,2017-10-18 18:45:00+00:00,Chelsea,AS Roma,CHE,ROM,g,3,3,3.15,3.15,1.846,1.701,1.234,1.332,C,
168,2017-10-18 18:45:00+00:00,Juventus,Sporting CP,JUV,SCP,g,2,1,2.1,1.05,1.855,0.509,2.673,0.709,D,
169,2017-10-18 18:45:00+00:00,Barcelona,Olympiacos,BAR,OLY,g,3,1,3.15,0.84,4.289,0.176,3.791,0.198,D,
170,2017-10-18 18:45:00+00:00,Bayern Munich,Celtic,BMU,CEL,g,3,0,3.15,0.0,3.578,0.549,4.09,0.751,B,
171,2017-10-18 18:45:00+00:00,Benfica,Manchester United,BEN,MAN,g,0,1,0.0,0.84,1.1440000000000001,0.453,0.972,0.6950000000000001,A,
172,2017-10-18 18:45:00+00:00,CSKA Moscow,Basel,CSKA,BAS,g,0,2,0.0,1.577,0.375,1.066,1.663,0.8190000000000001,A,
173,2017-10-31 19:45:00+00:00,Manchester United,Benfica,MAN,BEN,g,2,0,1.9,0.0,2.829,1.044,1.322,0.918,A,
174,2017-10-31 19:45:00+00:00,Celtic,Bayern Munich,CEL,BMU,g,1,2,1.05,2.1,1.211,0.72,1.069,0.763,B,
175,2017-10-31 19:45:00+00:00,AS Roma,Chelsea,ROM,CHE,g,3,0,3.15,0.0,1.405,1.438,1.12,1.827,C,
176,2017-10-31 19:45:00+00:00,Atletico Madrid,FK Qarabag,ATL,QBG,g,1,1,1.05,1.05,3.134,0.10400000000000001,3.697,0.45,C,
177,2017-10-31 19:45:00+00:00,Olympiacos,Barcelona,OLY,BAR,g,0,0,0.0,0.0,0.307,2.452,0.44,2.118,D,
178,2017-10-31 19:45:00+00:00,Sporting CP,Juventus,SCP,JUV,g,1,1,1.05,1.05,0.521,1.843,0.726,2.341,D,
179,2017-10-31 19:45:00+00:00,Paris Saint-Germain,Anderlecht,PSG,RSCA,g,5,0,5.007,0.0,2.31,0.157,3.013,0.549,B,
180,2017-10-31 19:45:00+00:00,Basel,CSKA Moscow,BAS,CSKA,g,1,2,1.05,2.1,0.9,1.183,0.98,1.5979999999999999,A,
181,2017-11-01 17:00:00+00:00,Besiktas,AS Monaco,BES,MON,g,1,1,1.05,1.05,1.222,1.146,1.461,1.052,G,
182,2017-11-01 19:45:00+00:00,Liverpool,NK Maribor,LIV,MAR,g,3,0,2.636,0.0,3.399,0.23500000000000001,4.374,0.333,E,
183,2017-11-01 19:45:00+00:00,Tottenham Hotspur,Real Madrid,TOT,MAD,g,3,1,3.15,1.05,2.2800000000000002,2.862,1.238,1.843,H,
184,2017-11-01 19:45:00+00:00,Napoli,Manchester City,NAP,MNC,g,2,4,2.1,3.675,1.778,1.6280000000000001,1.153,1.8399999999999999,F,
185,2017-11-01 19:45:00+00:00,Borussia Dortmund,Apoel Nicosia,DOR,NIC,g,1,1,1.05,1.05,2.359,0.578,3.372,0.312,H,
186,2017-11-01 19:45:00+00:00,Shakhtar Donetsk,Feyenoord,SHK,FEY,g,3,1,3.15,1.05,2.912,0.834,1.923,0.7000000000000001,F,
187,2017-11-01 19:45:00+00:00,FC Porto,RB Leipzig,POR,RBL,g,3,1,2.625,1.05,1.56,0.385,1.1219999999999999,0.562,G,
188,2017-11-01 19:45:00+00:00,Sevilla FC,Spartak Moscow,SEV,SPM,g,2,1,2.1,1.05,1.093,1.092,1.445,0.664,E,
189,2017-11-21 17:00:00+00:00,Besiktas,FC Porto,BES,POR,g,1,1,1.05,1.05,0.89,0.711,0.617,0.645,G,
190,2017-11-21 17:00:00+00:00,Spartak Moscow,NK Maribor,SPM,MAR,g,1,1,1.05,1.05,1.458,1.23,2.188,0.91,E,
191,2017-11-21 19:45:00+00:00,Apoel Nicosia,Real Madrid,NIC,MAD,g,0,6,0.0,6.3,0.41400000000000003,3.789,0.667,2.468,H,
192,2017-11-21 19:45:00+00:00,Manchester City,Feyenoord,MNC,FEY,g,1,0,1.05,0.0,1.271,0.258,2.106,0.359,F,
193,2017-11-21 19:45:00+00:00,Napoli,Shakhtar Donetsk,NAP,SHK,g,3,0,2.55,0.0,1.8559999999999999,0.464,1.24,1.311,F,
194,2017-11-21 19:45:00+00:00,Borussia Dortmund,Tottenham Hotspur,DOR,TOT,g,1,2,1.05,2.1,0.868,1.585,1.471,1.54,H,
195,2017-11-21 19:45:00+00:00,AS Monaco,RB Leipzig,MON,RBL,g,1,4,1.05,4.2,0.591,1.413,1.438,0.748,G,
196,2017-11-21 19:45:00+00:00,Sevilla FC,Liverpool,SEV,LIV,g,3,3,3.15,3.15,1.9689999999999999,3.076,1.085,0.986,E,
197,2017-11-22 17:00:00+00:00,CSKA Moscow,Benfica,CSKA,BEN,g,2,0,2.1,0.0,1.036,0.9560000000000001,1.315,1.272,A,
198,2017-11-22 17:00:00+00:00,FK Qarabag,Chelsea,QBG,CHE,g,0,4,0.0,3.016,0.259,3.737,0.224,2.127,C,
199,2017-11-22 19:45:00+00:00,Anderlecht,Bayern Munich,RSCA,BMU,g,1,2,1.05,2.1,1.799,2.636,1.316,1.483,B,
200,2017-11-22 19:45:00+00:00,Juventus,Barcelona,JUV,BAR,g,0,0,0.0,0.0,0.6000000000000001,0.511,1.2690000000000001,1.042,D,
201,2017-11-22 19:45:00+00:00,Atletico Madrid,AS Roma,ATL,ROM,g,2,0,1.5779999999999998,0.0,1.068,0.481,2.185,0.9530000000000001,C,
202,2017-11-22 19:45:00+00:00,Sporting CP,Olympiacos,SCP,OLY,g,3,1,3.15,1.05,1.4809999999999999,0.447,1.662,0.446,D,
203,2017-11-22 19:45:00+00:00,Paris Saint-Germain,Celtic,PSG,CEL,g,7,1,6.761,1.05,2.229,0.396,2.415,0.725,B,
204,2017-11-22 19:45:00+00:00,Basel,Manchester United,BAS,MAN,g,1,0,1.05,0.0,0.9590000000000001,1.3940000000000001,0.213,2.021,A,
205,2017-12-05 19:45:00+00:00,Chelsea,Atletico Madrid,CHE,ATL,g,1,1,1.05,1.05,2.847,0.921,2.46,0.915,C,
206,2017-12-05 19:45:00+00:00,Manchester United,CSKA Moscow,MAN,CSKA,g,2,1,2.1,1.05,2.268,0.857,1.9769999999999999,1.186,A,
207,2017-12-05 19:45:00+00:00,Celtic,Anderlecht,CEL,RSCA,g,0,1,0.0,1.05,0.732,0.787,1.189,0.8290000000000001,B,
208,2017-12-05 19:45:00+00:00,AS Roma,FK Qarabag,ROM,QBG,g,1,0,1.05,0.0,1.955,0.446,1.7530000000000001,0.14400000000000002,C,
209,2017-12-05 19:45:00+00:00,Barcelona,Sporting CP,BAR,SCP,g,2,0,1.5750000000000002,0.0,1.146,0.873,1.8,0.28,D,
210,2017-12-05 19:45:00+00:00,Bayern Munich,Paris Saint-Germain,BMU,PSG,g,3,1,3.15,1.05,1.79,1.6179999999999999,1.838,2.201,B,
211,2017-12-05 19:45:00+00:00,Olympiacos,Juventus,OLY,JUV,g,0,2,0.0,1.6019999999999999,0.845,1.211,0.499,1.3,D,
212,2017-12-05 19:45:00+00:00,Benfica,Basel,BEN,BAS,g,0,2,0.0,2.1,1.483,1.467,2.428,0.58,A,
213,2017-12-06 19:45:00+00:00,Liverpool,Spartak Moscow,LIV,SPM,g,7,0,6.823,0.0,4.197,0.63,2.266,1.099,E,
214,2017-12-06 19:45:00+00:00,Tottenham Hotspur,Apoel Nicosia,TOT,NIC,g,3,0,2.901,0.0,3.097,0.624,1.461,0.61,H,
215,2017-12-06 19:45:00+00:00,Real Madrid,Borussia Dortmund,MAD,DOR,g,3,2,3.15,2.1,3.023,2.208,3.187,1.49,H,
216,2017-12-06 19:45:00+00:00,NK Maribor,Sevilla FC,MAR,SEV,g,1,1,1.05,1.05,0.8169999999999991,1.65,0.555,2.3970000000000002,E,
217,2017-12-06 19:45:00+00:00,Shakhtar Donetsk,Manchester City,SHK,MNC,g,2,1,2.1,1.05,1.198,1.635,0.8210000000000001,2.2880000000000003,F,
218,2017-12-06 19:45:00+00:00,FC Porto,AS Monaco,POR,MON,g,5,2,4.793,2.1,1.642,1.63,1.488,0.841,G,
219,2017-12-06 19:45:00+00:00,Feyenoord,Napoli,FEY,NAP,g,2,1,2.1,1.05,0.446,1.309,0.771,1.029,F,
220,2017-12-06 19:45:00+00:00,RB Leipzig,Besiktas,RBL,BES,g,1,2,1.05,1.8900000000000001,2.248,2.232,3.151,1.565,G,
221,2018-02-13 19:45:00+00:00,Juventus,Tottenham Hotspur,JUV,TOT,k,2,2,2.1,2.1,2.531,1.341,1.303,1.461,,
222,2018-02-13 19:45:00+00:00,Basel,Manchester City,BAS,MNC,k,0,4,0.0,4.2,0.599,1.11,0.66,1.5270000000000001,,
223,2018-02-14 19:45:00+00:00,Real Madrid,Paris Saint-Germain,MAD,PSG,k,3,1,2.735,1.05,2.6109999999999998,1.204,1.305,1.449,,
224,2018-02-14 19:45:00+00:00,FC Porto,Liverpool,POR,LIV,k,0,5,0.0,4.864,0.538,2.857,0.833,1.483,,
225,2018-02-20 19:45:00+00:00,Chelsea,Barcelona,CHE,BAR,k,1,1,1.05,1.05,0.487,0.706,0.671,1.314,,
226,2018-02-20 19:45:00+00:00,Bayern Munich,Besiktas,BMU,BES,k,5,0,3.668,0.0,5.187,0.302,4.209,0.499,,
227,2018-02-21 19:45:00+00:00,Shakhtar Donetsk,AS Roma,SHK,ROM,k,2,1,2.1,1.05,1.237,1.294,1.45,1.458,,
228,2018-02-21 19:45:00+00:00,Sevilla FC,Manchester United,SEV,MAN,k,0,0,0.0,0.0,2.053,0.641,1.854,1.088,,
229,2018-03-06 19:45:00+00:00,Liverpool,FC Porto,LIV,POR,k,0,0,0.0,0.0,1.572,0.601,1.321,0.562,,
230,2018-03-06 19:45:00+00:00,Paris Saint-Germain,Real Madrid,PSG,MAD,k,1,2,1.05,1.8900000000000001,1.274,2.374,1.419,2.114,,
231,2018-03-07 19:45:00+00:00,Tottenham Hotspur,Juventus,TOT,JUV,k,1,2,1.05,2.1,1.846,1.433,2.909,0.466,,
232,2018-03-07 19:45:00+00:00,Manchester City,Basel,MNC,BAS,k,1,2,1.05,2.1,1.605,0.5730000000000001,1.491,0.664,,
233,2018-03-13 19:45:00+00:00,Manchester United,Sevilla FC,MAN,SEV,k,1,2,1.05,1.913,2.004,1.562,2.349,1.738,,
234,2018-03-13 19:45:00+00:00,AS Roma,Shakhtar Donetsk,ROM,SHK,k,1,0,1.05,0.0,0.512,0.197,0.653,0.918,,
235,2018-03-14 17:00:00+00:00,Besiktas,Bayern Munich,BES,BMU,k,1,3,1.05,2.8040000000000003,1.234,1.818,2.185,1.126,,
236,2018-03-14 19:45:00+00:00,Barcelona,Chelsea,BAR,CHE,k,3,0,3.15,0.0,0.806,0.651,1.553,1.389,,
237,2018-04-03 18:45:00+00:00,Juventus,Real Madrid,JUV,MAD,q,0,3,0.0,2.9130000000000003,1.546,3.253,1.843,2.492,,
238,2018-04-03 18:45:00+00:00,Sevilla FC,Bayern Munich,SEV,BMU,q,1,2,1.05,2.1,1.054,1.554,1.334,0.999,,
239,2018-04-04 18:45:00+00:00,Liverpool,Manchester City,LIV,MNC,q,3,0,3.15,0.0,1.675,0.661,0.884,1.524,,
240,2018-04-04 18:45:00+00:00,Barcelona,AS Roma,BAR,ROM,q,4,1,3.77,1.05,1.854,1.699,2.142,1.123,,
241,2018-04-10 18:45:00+00:00,Manchester City,Liverpool,MNC,LIV,q,1,2,1.05,2.1,1.393,0.775,2.15,1.338,,
242,2018-04-10 18:45:00+00:00,AS Roma,Barcelona,ROM,BAR,q,3,0,2.841,0.0,2.681,0.913,1.494,0.687,,
243,2018-04-11 18:45:00+00:00,Real Madrid,Juventus,MAD,JUV,q,1,3,0.84,3.15,3.7960000000000003,2.667,2.336,1.295,,
244,2018-04-11 18:45:00+00:00,Bayern Munich,Sevilla FC,BMU,SEV,q,0,0,0.0,0.0,1.333,0.44,1.585,1.473,,
245,2018-04-24 18:45:00+00:00,Liverpool,AS Roma,LIV,ROM,s,5,2,5.25,2.1,3.645,1.8130000000000002,2.284,1.685,,
246,2018-04-25 18:45:00+00:00,Bayern Munich,Real Madrid,BMU,MAD,s,1,2,1.05,2.1,2.739,0.739,2.519,1.028,,
247,2018-05-01 18:45:00+00:00,Real Madrid,Bayern Munich,MAD,BMU,s,2,2,2.1,2.1,2.095,4.17,1.333,3.274,,
248,2018-05-02 18:45:00+00:00,AS Roma,Liverpool,ROM,LIV,s,4,2,3.675,2.1,2.81,1.9260000000000002,2.67,1.43,,
249,2018-05-26 18:45:00+00:00,Real Madrid,Liverpool,MAD,LIV,f,3,1,2.816,1.05,2.136,1.831,1.097,1.159,,
250,2018-09-18 16:55:00+00:00,Internazionale,Tottenham Hotspur,INT,TOT,g,2,1,2.1,1.05,1.4,0.882,1.722,0.899,B,
251,2018-09-18 16:55:00+00:00,Barcelona,PSV,BAR,PSV,g,4,0,3.483,0.0,2.034,0.669,2.524,0.4,B,
252,2018-09-18 19:00:00+00:00,Club Brugge,Borussia Dortmund,CBKV,DOR,g,0,1,0.0,1.05,0.511,0.9460000000000001,0.833,1.726,A,
253,2018-09-18 19:00:00+00:00,Liverpool,Paris Saint-Germain,LIV,PSG,g,3,2,3.15,2.1,2.377,1.201,1.927,0.711,C,
254,2018-09-18 19:00:00+00:00,Schalke 04,FC Porto,SCH,POR,g,1,1,1.05,1.05,0.886,2.374,0.906,0.886,D,
255,2018-09-18 19:00:00+00:00,Galatasaray,Lokomotiv Moscow,GAL,LOK,g,3,0,2.625,0.0,1.7189999999999999,1.044,0.986,1.093,D,
256,2018-09-18 19:00:00+00:00,AS Monaco,Atletico Madrid,MON,ATL,g,1,2,1.05,2.1,0.7030000000000001,0.9399999999999991,0.7010000000000001,1.229,A,
257,2018-09-18 19:00:00+00:00,Red Star Belgrade,Napoli,RED,NAP,g,0,0,0.0,0.0,0.256,1.8010000000000002,0.232,1.451,C,
258,2018-09-19 16:55:00+00:00,Ajax,AEK Athens,AJX,AEK,g,3,0,2.461,0.0,1.7770000000000001,0.488,2.003,0.555,E,
259,2018-09-19 16:55:00+00:00,Shakhtar Donetsk,TSG Hoffenheim,SHK,HOF,g,2,2,2.1,2.1,0.561,1.803,1.303,1.053,F,
260,2018-09-19 19:00:00+00:00,Manchester City,Lyon,MNC,LYON,g,1,2,1.05,2.1,1.186,0.8320000000000001,3.637,0.429,F,
261,2018-09-19 19:00:00+00:00,Real Madrid,AS Roma,MAD,ROM,g,3,0,2.625,0.0,3.577,0.5659999999999991,3.7960000000000003,1.059,G,
262,2018-09-19 19:00:00+00:00,Valencia,Juventus,VAL,JUV,g,0,2,0.0,2.1,1.901,4.179,2.899,0.806,H,
263,2018-09-19 19:00:00+00:00,Young Boys,Manchester United,BSCY,MAN,g,0,3,0.0,3.15,1.468,2.179,1.216,1.313,H,
264,2018-09-19 19:00:00+00:00,Benfica,Bayern Munich,BEN,BMU,g,0,2,0.0,2.1,0.933,2.931,1.427,1.7770000000000001,E,
265,2018-09-19 19:00:00+00:00,Viktoria Plzen,CSKA Moscow,VPLZ,CSKA,g,2,2,2.1,2.1,0.998,1.474,1.039,1.6139999999999999,G,
266,2018-10-02 16:55:00+00:00,Juventus,Young Boys,JUV,BSCY,g,3,0,3.15,0.0,3.343,0.23600000000000002,1.615,0.668,H,
267,2018-10-02 16:55:00+00:00,TSG Hoffenheim,Manchester City,HOF,MNC,g,1,2,1.05,2.1,0.398,2.491,0.722,2.36,F,
268,2018-10-02 19:00:00+00:00,Manchester United,Valencia,MAN,VAL,g,0,0,0.0,0.0,0.969,0.438,1.716,1.317,H,
269,2018-10-02 19:00:00+00:00,AS Roma,Viktoria Plzen,ROM,VPLZ,g,5,0,4.659,0.0,2.604,0.328,1.928,0.612,G,
270,2018-10-02 19:00:00+00:00,Bayern Munich,Ajax,BMU,AJX,g,1,1,1.05,1.05,2.103,1.605,2.714,1.791,E,
271,2018-10-02 19:00:00+00:00,AEK Athens,Benfica,AEK,BEN,g,2,3,1.6800000000000002,3.15,2.519,1.218,1.142,0.71,E,
272,2018-10-02 19:00:00+00:00,CSKA Moscow,Real Madrid,CSKA,MAD,g,1,0,1.05,0.0,0.498,1.996,0.85,2.289,G,
273,2018-10-02 19:00:00+00:00,Lyon,Shakhtar Donetsk,LYON,SHK,g,2,2,2.1,2.1,2.352,1.09,1.6320000000000001,1.072,F,
274,2018-10-03 16:55:00+00:00,Lokomotiv Moscow,Schalke 04,LOK,SCH,g,0,1,0.0,1.05,0.804,1.255,0.6990000000000001,1.043,D,
275,2018-10-03 16:55:00+00:00,Paris Saint-Germain,Red Star Belgrade,PSG,RED,g,6,1,6.025,1.05,5.564,0.194,3.9530000000000003,0.155,C,
276,2018-10-03 19:00:00+00:00,Tottenham Hotspur,Barcelona,TOT,BAR,g,2,4,2.1,3.697,0.512,1.923,0.9540000000000001,2.149,B,
277,2018-10-03 19:00:00+00:00,Napoli,Liverpool,NAP,LIV,g,1,0,1.05,0.0,1.962,0.17300000000000001,1.148,0.708,C,
278,2018-10-03 19:00:00+00:00,Atletico Madrid,Club Brugge,ATL,CBKV,g,3,1,2.625,1.05,2.135,0.577,1.951,1.176,A,
279,2018-10-03 19:00:00+00:00,Borussia Dortmund,AS Monaco,DOR,MON,g,3,0,2.598,0.0,2.794,0.548,2.052,1.305,A,
280,2018-10-03 19:00:00+00:00,FC Porto,Galatasaray,POR,GAL,g,1,0,1.05,0.0,1.7469999999999999,1.936,1.28,1.411,D,
281,2018-10-03 19:00:00+00:00,PSV,Internazionale,PSV,INT,g,1,2,1.05,2.1,0.753,2.694,1.407,2.196,B,
282,2018-10-23 16:55:00+00:00,Young Boys,Valencia,BSCY,VAL,g,1,1,1.05,1.05,1.928,0.556,1.6440000000000001,1.738,H,
283,2018-10-23 16:55:00+00:00,AEK Athens,Bayern Munich,AEK,BMU,g,0,2,0.0,2.1,0.291,2.46,0.556,2.752,E,
284,2018-10-23 19:00:00+00:00,Manchester United,Juventus,MAN,JUV,g,0,1,0.0,1.05,0.253,1.566,1.236,1.679,H,
285,2018-10-23 19:00:00+00:00,Ajax,Benfica,AJX,BEN,g,1,0,1.05,0.0,1.488,0.64,1.234,1.24,E,
286,2018-10-23 19:00:00+00:00,AS Roma,CSKA Moscow,ROM,CSKA,g,3,0,3.15,0.0,2.156,0.726,2.267,1.31,G,
287,2018-10-23 19:00:00+00:00,Real Madrid,Viktoria Plzen,MAD,VPLZ,g,2,1,2.1,1.05,2.95,1.5230000000000001,4.144,0.5649999999999991,G,
288,2018-10-23 19:00:00+00:00,Shakhtar Donetsk,Manchester City,SHK,MNC,g,0,3,0.0,3.15,1.227,2.6630000000000003,1.12,2.11,F,
289,2018-10-23 19:00:00+00:00,TSG Hoffenheim,Lyon,HOF,LYON,g,3,3,3.15,3.15,4.072,1.48,2.83,1.004,F,
290,2018-10-24 16:55:00+00:00,Club Brugge,AS Monaco,CBKV,MON,g,1,1,1.05,1.05,1.549,0.444,1.824,1.187,A,
291,2018-10-24 16:55:00+00:00,PSV,Tottenham Hotspur,PSV,TOT,g,2,2,1.8900000000000001,2.1,0.982,2.539,0.496,1.947,B,
292,2018-10-24 19:00:00+00:00,Liverpool,Red Star Belgrade,LIV,RED,g,4,0,3.963,0.0,4.926,0.528,2.556,0.617,C,
293,2018-10-24 19:00:00+00:00,Barcelona,Internazionale,BAR,INT,g,2,0,1.7690000000000001,0.0,2.365,1.199,2.515,0.81,B,
294,2018-10-24 19:00:00+00:00,Borussia Dortmund,Atletico Madrid,DOR,ATL,g,4,0,3.311,0.0,2.004,0.591,1.254,2.1,A,
295,2018-10-24 19:00:00+00:00,Galatasaray,Schalke 04,GAL,SCH,g,0,0,0.0,0.0,0.559,2.206,0.47700000000000004,1.744,D,
296,2018-10-24 19:00:00+00:00,Lokomotiv Moscow,FC Porto,LOK,POR,g,1,3,1.05,3.15,2.3529999999999998,1.335,1.05,1.395,D,
297,2018-10-24 19:00:00+00:00,Paris Saint-Germain,Napoli,PSG,NAP,g,2,2,2.1,2.1,1.16,1.545,1.638,1.119,C,
298,2018-11-06 17:55:00+00:00,AS Monaco,Club Brugge,MON,CBKV,g,0,4,0.0,3.815,1.179,1.5710000000000002,1.1360000000000001,0.073,A,
299,2018-11-06 17:55:00+00:00,Red Star Belgrade,Liverpool,RED,LIV,g,2,0,2.1,0.0,0.782,2.492,0.672,2.66,C,
300,2018-11-06 20:00:00+00:00,Tottenham Hotspur,PSV,TOT,PSV,g,2,1,2.1,1.05,3.711,0.625,3.449,0.964,B,
301,2018-11-06 20:00:00+00:00,Internazionale,Barcelona,INT,BAR,g,1,1,1.05,1.05,1.161,1.824,1.079,1.376,B,
302,2018-11-06 20:00:00+00:00,Napoli,Paris Saint-Germain,NAP,PSG,g,1,1,1.05,1.05,2.1390000000000002,1.411,1.443,1.685,C,
303,2018-11-06 20:00:00+00:00,Atletico Madrid,Borussia Dortmund,ATL,DOR,g,2,0,1.8559999999999999,0.0,2.149,0.522,1.145,1.075,A,
304,2018-11-06 20:00:00+00:00,Schalke 04,Galatasaray,SCH,GAL,g,2,0,2.1,0.0,1.572,0.641,0.9399999999999991,0.443,D,
305,2018-11-06 20:00:00+00:00,FC Porto,Lokomotiv Moscow,POR,LOK,g,4,1,3.675,1.05,1.371,0.6929999999999991,1.392,1.923,D,
306,2018-11-07 20:00:00+00:00,Manchester City,Shakhtar Donetsk,MNC,SHK,g,6,0,5.3870000000000005,0.0,3.098,0.333,1.453,0.41000000000000003,F,
307,2018-11-07 20:00:00+00:00,Juventus,Manchester United,JUV,MAN,g,1,2,1.05,2.1,2.416,0.643,2.654,1.086,H,
308,2018-11-07 20:00:00+00:00,Bayern Munich,AEK Athens,BMU,AEK,g,2,0,2.077,0.0,2.784,0.434,2.133,0.34500000000000003,E,
309,2018-11-07 20:00:00+00:00,Benfica,Ajax,BEN,AJX,g,1,1,1.05,1.05,1.4100000000000001,1.217,1.506,0.839,E,
310,2018-11-07 20:00:00+00:00,Lyon,TSG Hoffenheim,LYON,HOF,g,2,2,2.1,2.1,2.827,1.824,1.943,2.119,F,
311,2018-11-07 20:00:00+00:00,Viktoria Plzen,Real Madrid,VPLZ,MAD,g,0,5,0.0,5.25,0.448,1.695,1.156,2.545,G,
312,2018-11-08 01:55:00+00:00,Valencia,Young Boys,VAL,BSCY,g,3,1,3.15,1.05,1.741,0.764,1.107,0.869,H,
313,2018-11-08 01:55:00+00:00,CSKA Moscow,AS Roma,CSKA,ROM,g,1,2,1.05,1.8900000000000001,1.103,2.207,0.788,1.709,G,
314,2018-11-27 17:55:00+00:00,AEK Athens,Ajax,AEK,AJX,g,0,2,0.0,1.645,0.373,2.026,0.5629999999999991,1.528,E,
315,2018-11-27 17:55:00+00:00,CSKA Moscow,Viktoria Plzen,CSKA,VPLZ,g,1,2,1.05,2.1,1.994,2.396,1.424,1.54,G,
316,2018-11-27 20:00:00+00:00,Manchester United,Young Boys,MAN,BSCY,g,1,0,1.05,0.0,1.379,0.638,2.08,0.666,H,
317,2018-11-27 20:00:00+00:00,AS Roma,Real Madrid,ROM,MAD,g,0,2,0.0,2.1,2.274,1.8679999999999999,1.562,2.347,G,
318,2018-11-27 20:00:00+00:00,Juventus,Valencia,JUV,VAL,g,1,0,1.05,0.0,1.6139999999999999,0.37,1.979,0.904,H,
319,2018-11-27 20:00:00+00:00,Bayern Munich,Benfica,BMU,BEN,g,5,1,5.093,1.05,2.092,0.432,1.7389999999999999,0.441,E,
320,2018-11-27 20:00:00+00:00,Lyon,Manchester City,LYON,MNC,g,2,2,2.1,2.1,2.036,1.075,0.848,2.565,F,
321,2018-11-27 20:00:00+00:00,TSG Hoffenheim,Shakhtar Donetsk,HOF,SHK,g,2,3,2.1,2.94,1.173,1.488,1.461,1.238,F,
322,2018-11-28 17:55:00+00:00,Atletico Madrid,AS Monaco,ATL,MON,g,2,0,2.1,0.0,1.052,1.651,1.517,1.008,A,
323,2018-11-28 17:55:00+00:00,Lokomotiv Moscow,Galatasaray,LOK,GAL,g,2,0,2.1,0.0,1.181,1.208,1.023,1.498,D,
324,2018-11-28 20:00:00+00:00,Tottenham Hotspur,Internazionale,TOT,INT,g,1,0,1.05,0.0,1.4889999999999999,0.9460000000000001,1.579,0.875,B,
325,2018-11-28 20:00:00+00:00,Napoli,Red Star Belgrade,NAP,RED,g,3,1,3.15,1.05,2.487,0.609,3.464,0.592,C,
326,2018-11-28 20:00:00+00:00,Borussia Dortmund,Club Brugge,DOR,CBKV,g,0,0,0.0,0.0,1.255,0.271,2.182,0.647,A,
327,2018-11-28 20:00:00+00:00,FC Porto,Schalke 04,POR,SCH,g,3,1,2.625,1.05,1.362,0.898,1.56,0.577,D,
328,2018-11-28 20:00:00+00:00,Paris Saint-Germain,Liverpool,PSG,LIV,g,2,1,2.1,1.05,2.121,1.355,0.853,1.16,C,
329,2018-11-28 20:00:00+00:00,PSV,Barcelona,PSV,BAR,g,1,2,1.05,2.1,3.285,2.65,1.631,2.674,B,
330,2018-12-11 17:55:00+00:00,Schalke 04,Lokomotiv Moscow,SCH,LOK,g,1,0,1.05,0.0,1.994,0.629,2.031,0.41000000000000003,D,
331,2018-12-11 17:55:00+00:00,Galatasaray,FC Porto,GAL,POR,g,2,3,2.1,3.15,4.433,1.705,1.717,0.6919999999999991,D,
332,2018-12-11 20:00:00+00:00,Club Brugge,Atletico Madrid,CBKV,ATL,g,0,0,0.0,0.0,0.597,0.402,0.435,1.904,A,
333,2018-12-11 20:00:00+00:00,Liverpool,Napoli,LIV,NAP,g,1,0,1.05,0.0,3.193,1.272,3.367,1.142,C,
334,2018-12-11 20:00:00+00:00,Internazionale,PSV,INT,PSV,g,1,1,1.05,1.05,2.005,1.124,2.544,0.718,B,
335,2018-12-11 20:00:00+00:00,Barcelona,Tottenham Hotspur,BAR,TOT,g,1,1,1.05,1.05,1.385,2.585,1.403,1.6720000000000002,B,
336,2018-12-11 20:00:00+00:00,AS Monaco,Borussia Dortmund,MON,DOR,g,0,2,0.0,1.649,0.619,1.9649999999999999,0.532,2.457,A,
337,2018-12-11 20:00:00+00:00,Red Star Belgrade,Paris Saint-Germain,RED,PSG,g,1,4,1.05,3.588,0.47400000000000003,3.046,0.73,1.4020000000000001,C,
338,2018-12-12 17:55:00+00:00,Real Madrid,CSKA Moscow,MAD,CSKA,g,0,3,0.0,3.077,1.284,1.195,1.952,1.221,G,
339,2018-12-12 17:55:00+00:00,Viktoria Plzen,AS Roma,VPLZ,ROM,g,2,1,2.1,1.05,1.847,1.085,1.363,1.681,G,
340,2018-12-12 20:00:00+00:00,Manchester City,TSG Hoffenheim,MNC,HOF,g,2,1,2.1,1.05,4.036,1.451,2.839,1.107,F,
341,2018-12-12 20:00:00+00:00,Ajax,Bayern Munich,AJX,BMU,g,3,3,3.15,3.15,2.037,3.5460000000000003,1.834,1.43,E,
342,2018-12-12 20:00:00+00:00,Valencia,Manchester United,VAL,MAN,g,2,1,2.1,1.05,1.49,1.7189999999999999,1.572,1.663,H,
343,2018-12-12 20:00:00+00:00,Young Boys,Juventus,BSCY,JUV,g,2,1,2.1,1.05,1.231,1.924,0.583,2.947,H,
344,2018-12-12 20:00:00+00:00,Shakhtar Donetsk,Lyon,SHK,LYON,g,1,1,1.05,1.05,0.96,1.309,0.668,1.178,F,
345,2018-12-12 20:00:00+00:00,Benfica,AEK Athens,BEN,AEK,g,1,0,0.84,0.0,1.453,0.386,1.658,0.361,E,
346,2019-02-12 20:00:00+00:00,Manchester United,Paris Saint-Germain,MAN,PSG,k,0,2,0.0,2.1,0.34600000000000003,2.6390000000000002,0.995,1.182,,
347,2019-02-12 20:00:00+00:00,AS Roma,FC Porto,ROM,POR,k,2,1,2.1,1.05,1.082,0.525,1.391,1.059,,
348,2019-02-13 20:00:00+00:00,Tottenham Hotspur,Borussia Dortmund,TOT,DOR,k,3,0,3.15,0.0,2.328,0.29,1.143,0.976,,
349,2019-02-13 20:00:00+00:00,Ajax,Real Madrid,AJX,MAD,k,1,2,1.05,2.1,1.991,1.2730000000000001,2.165,1.059,,
350,2019-02-19 20:00:00+00:00,Liverpool,Bayern Munich,LIV,BMU,k,0,0,0.0,0.0,2.558,0.41600000000000004,2.877,0.679,,
351,2019-02-19 20:00:00+00:00,Lyon,Barcelona,LYON,BAR,k,0,0,0.0,0.0,0.303,2.253,0.9429999999999991,3.844,,
352,2019-02-20 20:00:00+00:00,Atletico Madrid,Juventus,ATL,JUV,k,2,0,2.1,0.0,1.597,0.792,1.359,1.213,,
353,2019-02-20 20:00:00+00:00,Schalke 04,Manchester City,SCH,MNC,k,2,3,2.1,3.15,1.758,1.895,0.791,2.581,,
354,2019-03-05 20:00:00+00:00,Real Madrid,Ajax,MAD,AJX,k,1,4,1.05,4.2,2.363,1.964,2.738,1.506,,
355,2019-03-05 20:00:00+00:00,Borussia Dortmund,Tottenham Hotspur,DOR,TOT,k,0,1,0.0,1.05,1.76,0.918,2.287,0.461,,
356,2019-03-06 20:00:00+00:00,FC Porto,AS Roma,POR,ROM,k,3,1,3.15,1.05,3.709,1.62,2.348,1.369,,
357,2019-03-06 20:00:00+00:00,Paris Saint-Germain,Manchester United,PSG,MAN,k,1,3,1.05,3.15,1.472,2.035,2.34,0.624,,
358,2019-03-12 20:00:00+00:00,Manchester City,Schalke 04,MNC,SCH,k,7,0,7.35,0.0,3.1390000000000002,0.076,2.426,0.198,,
359,2019-03-12 20:00:00+00:00,Juventus,Atletico Madrid,JUV,ATL,k,3,0,3.15,0.0,2.767,0.462,2.325,0.766,,
360,2019-03-13 20:00:00+00:00,Barcelona,Lyon,BAR,LYON,k,5,1,5.25,1.05,4.274,0.6909999999999991,3.333,1.063,,
361,2019-03-13 20:00:00+00:00,Bayern Munich,Liverpool,BMU,LIV,k,1,3,1.05,3.15,0.277,1.057,0.432,1.17,,
362,2019-04-09 19:00:00+00:00,Liverpool,FC Porto,LIV,POR,q,2,0,2.1,0.0,2.342,1.15,1.936,0.606,,
363,2019-04-09 19:00:00+00:00,Tottenham Hotspur,Manchester City,TOT,MNC,q,1,0,1.05,0.0,0.802,1.413,0.974,0.992,,
364,2019-04-10 19:00:00+00:00,Manchester United,Barcelona,MAN,BAR,q,0,1,0.0,1.05,0.482,0.788,0.621,1.294,,
365,2019-04-10 19:00:00+00:00,Ajax,Juventus,AJX,JUV,q,1,1,1.05,1.05,1.16,0.726,2.03,0.807,,
366,2019-04-16 19:00:00+00:00,Juventus,Ajax,JUV,AJX,q,1,2,1.05,2.1,0.933,2.363,1.342,1.5710000000000002,,
367,2019-04-16 19:00:00+00:00,Barcelona,Manchester United,BAR,MAN,q,3,0,3.15,0.0,1.474,0.29,2.218,0.674,,
368,2019-04-17 19:00:00+00:00,Manchester City,Tottenham Hotspur,MNC,TOT,q,4,3,4.2,3.15,2.343,0.8270000000000001,2.832,0.726,,
369,2019-04-17 19:00:00+00:00,FC Porto,Liverpool,POR,LIV,q,1,4,1.05,4.2,1.029,3.265,1.952,1.63,,
370,2019-04-30 19:00:00+00:00,Tottenham Hotspur,Ajax,TOT,AJX,s,0,1,0.0,1.05,0.603,0.899,2.282,1.2690000000000001,,
371,2019-05-01 19:00:00+00:00,Barcelona,Liverpool,BAR,LIV,s,3,0,3.15,0.0,2.592,1.892,2.667,2.667,,
372,2019-05-07 19:00:00+00:00,Liverpool,Barcelona,LIV,BAR,s,4,0,4.2,0.0,2.785,1.276,1.424,2.262,,
373,2019-05-08 19:00:00+00:00,Ajax,Tottenham Hotspur,AJX,TOT,s,2,3,2.1,3.15,1.521,3.991,1.6019999999999999,2.669,,
374,2019-06-01 19:00:00+00:00,Tottenham Hotspur,Liverpool,TOT,LIV,f,0,2,0.0,1.6560000000000001,1.167,1.303,1.024,0.444,,
375,2019-09-17 16:55:00+00:00,Internazionale,Slavia Prague,INT,SSP,g,1,1,1.05,1.05,1.513,0.906,0.9379999999999991,1.083,F,1.0
376,2019-09-17 16:55:00+00:00,Lyon,Zenit St Petersburg,LYON,ZEN,g,1,1,1.05,1.05,1.526,1.203,0.781,1.2850000000000001,G,1.0
377,2019-09-17 19:00:00+00:00,Chelsea,Valencia,CHE,VAL,g,0,1,0.0,1.05,3.108,0.884,2.443,0.724,H,1.0
378,2019-09-17 19:00:00+00:00,FC Salzburg,Genk,SAL,GENK,g,6,2,6.3,2.1,4.391,0.759,2.807,0.664,E,1.0
379,2019-09-17 19:00:00+00:00,Ajax,Lille,AJX,LLE,g,3,0,3.15,0.0,1.585,1.972,2.309,1.45,H,1.0
380,2019-09-17 19:00:00+00:00,Napoli,Liverpool,NAP,LIV,g,2,0,1.5750000000000002,0.0,1.917,0.8280000000000001,0.893,1.3679999999999999,E,1.0
381,2019-09-17 19:00:00+00:00,Borussia Dortmund,Barcelona,DOR,BAR,g,0,0,0.0,0.0,3.916,0.442,1.7389999999999999,1.869,F,1.0
382,2019-09-17 19:00:00+00:00,Benfica,RB Leipzig,BEN,RBL,g,1,2,1.05,1.9,1.516,1.042,1.206,1.113,G,1.0
383,2019-09-18 16:55:00+00:00,Club Brugge,Galatasaray,CBKV,GAL,g,0,0,0.0,0.0,1.431,0.609,1.051,1.099,A,1.0
384,2019-09-18 16:55:00+00:00,Olympiacos,Tottenham Hotspur,OLY,TOT,g,2,2,2.1,2.1,1.621,1.5510000000000002,1.151,1.057,B,1.0
385,2019-09-18 19:00:00+00:00,Dinamo Zagreb,Atalanta,DIN,ATA,g,4,0,4.2,0.0,2.481,1.9540000000000002,1.615,1.556,C,1.0
386,2019-09-18 19:00:00+00:00,Atletico Madrid,Juventus,ATL,JUV,g,2,2,2.1,2.1,2.123,1.232,2.2720000000000002,1.127,D,1.0
387,2019-09-18 19:00:00+00:00,Bayer Leverkusen,Lokomotiv Moscow,LEV,LOK,g,1,2,1.05,2.1,1.317,0.889,2.449,0.634,D,1.0
388,2019-09-18 19:00:00+00:00,Bayern Munich,Red Star Belgrade,BMU,RED,g,3,0,2.37,0.0,3.771,0.23,5.053,0.557,B,1.0
389,2019-09-18 19:00:00+00:00,Shakhtar Donetsk,Manchester City,SHK,MNC,g,0,3,0.0,3.01,0.381,2.827,0.272,2.309,C,1.0
390,2019-09-18 19:00:00+00:00,Paris Saint-Germain,Real Madrid,PSG,MAD,g,3,0,2.625,0.0,1.8980000000000001,0.781,2.135,1.512,A,1.0
391,2019-10-01 16:55:00+00:00,Atalanta,Shakhtar Donetsk,ATA,SHK,g,1,2,1.05,2.1,2.917,1.153,2.041,1.341,C,2.0
392,2019-10-01 16:55:00+00:00,Real Madrid,Club Brugge,MAD,CBKV,g,2,2,1.8900000000000001,2.1,2.276,1.452,4.733,1.088,A,2.0
393,2019-10-01 19:00:00+00:00,Tottenham Hotspur,Bayern Munich,TOT,BMU,g,2,7,2.1,6.13,2.08,1.532,1.174,1.42,B,2.0
394,2019-10-01 19:00:00+00:00,Manchester City,Dinamo Zagreb,MNC,DIN,g,2,0,1.5750000000000002,0.0,3.404,0.068,5.716,0.247,C,2.0
395,2019-10-01 19:00:00+00:00,Juventus,Bayer Leverkusen,JUV,LEV,g,3,0,2.678,0.0,1.4,0.539,1.556,0.866,D,2.0
396,2019-10-01 19:00:00+00:00,Galatasaray,Paris Saint-Germain,GAL,PSG,g,0,1,0.0,1.05,0.506,2.825,1.474,1.8900000000000001,A,2.0
397,2019-10-01 19:00:00+00:00,Lokomotiv Moscow,Atletico Madrid,LOK,ATL,g,0,2,0.0,2.1,1.2810000000000001,2.823,0.867,2.223,D,2.0
398,2019-10-01 19:00:00+00:00,Red Star Belgrade,Olympiacos,RED,OLY,g,3,1,2.104,1.05,1.24,0.96,1.8639999999999999,0.9560000000000001,B,2.0
399,2019-10-02 16:55:00+00:00,Genk,Napoli,GENK,NAP,g,0,0,0.0,0.0,0.651,3.618,1.034,1.162,E,2.0
400,2019-10-02 16:55:00+00:00,Slavia Prague,Borussia Dortmund,SSP,DOR,g,0,2,0.0,1.624,1.233,0.9590000000000001,0.854,1.2730000000000001,F,2.0
401,2019-10-02 19:00:00+00:00,Liverpool,FC Salzburg,LIV,SAL,g,4,3,4.2,3.15,2.786,1.153,2.714,1.461,E,2.0
402,2019-10-02 19:00:00+00:00,Barcelona,Internazionale,BAR,INT,g,2,1,2.1,1.05,1.6219999999999999,0.986,3.5460000000000003,1.299,F,2.0
403,2019-10-02 19:00:00+00:00,Valencia,Ajax,VAL,AJX,g,0,3,0.0,3.15,1.893,1.492,0.918,1.822,H,2.0
404,2019-10-02 19:00:00+00:00,Zenit St Petersburg,Benfica,ZEN,BEN,g,3,1,2.958,1.05,1.822,1.266,1.473,1.345,G,2.0
405,2019-10-02 19:00:00+00:00,Lille,Chelsea,LLE,CHE,g,1,2,1.05,2.1,0.705,1.367,1.004,1.591,H,2.0
406,2019-10-02 19:00:00+00:00,RB Leipzig,Lyon,RBL,LYON,g,0,2,0.0,2.1,1.941,1.613,1.271,0.754,G,2.0
407,2019-10-22 16:55:00+00:00,Atletico Madrid,Bayer Leverkusen,ATL,LEV,g,1,0,1.05,0.0,0.929,0.544,1.169,0.68,D,3.0
408,2019-10-22 16:55:00+00:00,Shakhtar Donetsk,Dinamo Zagreb,SHK,DIN,g,2,2,2.1,2.1,1.293,2.041,1.532,0.995,C,3.0
409,2019-10-22 19:00:00+00:00,Club Brugge,Paris Saint-Germain,CBKV,PSG,g,0,5,0.0,4.697,0.335,4.072,0.875,1.417,A,3.0
410,2019-10-22 19:00:00+00:00,Tottenham Hotspur,Red Star Belgrade,TOT,RED,g,5,0,5.213,0.0,4.343,0.552,2.573,1.057,B,3.0
411,2019-10-22 19:00:00+00:00,Manchester City,Atalanta,MNC,ATA,g,5,1,5.25,1.05,4.389,1.744,1.778,0.9590000000000001,C,3.0
412,2019-10-22 19:00:00+00:00,Juventus,Lokomotiv Moscow,JUV,LOK,g,2,1,2.1,1.05,2.67,0.787,2.757,0.263,D,3.0
413,2019-10-22 19:00:00+00:00,Galatasaray,Real Madrid,GAL,MAD,g,0,1,0.0,1.05,0.975,2.237,1.612,2.778,A,3.0
414,2019-10-22 19:00:00+00:00,Olympiacos,Bayern Munich,OLY,BMU,g,2,3,2.1,3.032,0.779,2.965,0.972,1.556,B,3.0
415,2019-10-23 16:55:00+00:00,Ajax,Chelsea,AJX,CHE,g,0,1,0.0,1.05,0.369,1.796,1.337,1.291,H,3.0
416,2019-10-23 16:55:00+00:00,RB Leipzig,Zenit St Petersburg,RBL,ZEN,g,2,1,2.1,1.05,2.229,0.881,1.7349999999999999,1.345,G,3.0
417,2019-10-23 19:00:00+00:00,Genk,Liverpool,GENK,LIV,g,1,4,1.05,3.605,1.291,2.429,0.497,2.537,E,3.0
418,2019-10-23 19:00:00+00:00,FC Salzburg,Napoli,SAL,NAP,g,2,3,2.1,3.15,2.278,1.065,1.94,0.803,E,3.0
419,2019-10-23 19:00:00+00:00,Internazionale,Borussia Dortmund,INT,DOR,g,2,0,1.62,0.0,1.875,0.328,0.663,0.882,F,3.0
420,2019-10-23 19:00:00+00:00,Benfica,Lyon,BEN,LYON,g,2,1,2.1,1.05,0.555,1.437,1.015,1.094,G,3.0
421,2019-10-23 19:00:00+00:00,Lille,Valencia,LLE,VAL,g,1,1,0.84,1.05,1.907,0.654,2.824,0.708,H,3.0
422,2019-10-23 19:00:00+00:00,Slavia Prague,Barcelona,SSP,BAR,g,1,2,1.05,2.1,1.702,2.782,1.501,2.682,F,3.0
423,2019-11-05 17:55:00+00:00,Barcelona,Slavia Prague,BAR,SSP,g,0,0,0.0,0.0,2.46,0.224,2.078,0.875,F,4.0
424,2019-11-05 17:55:00+00:00,Zenit St Petersburg,RB Leipzig,ZEN,RBL,g,0,2,0.0,2.1,0.791,1.058,1.055,1.425,G,4.0
425,2019-11-05 20:00:00+00:00,Chelsea,Ajax,CHE,AJX,g,4,4,3.7800000000000002,4.2,4.875,1.011,2.136,0.648,H,4.0
426,2019-11-05 20:00:00+00:00,Liverpool,Genk,LIV,GENK,g,2,1,2.1,1.05,2.652,0.752,3.19,0.59,E,4.0
427,2019-11-05 20:00:00+00:00,Napoli,FC Salzburg,NAP,SAL,g,1,1,1.05,1.05,3.062,1.638,1.892,1.495,E,4.0
428,2019-11-05 20:00:00+00:00,Valencia,Lille,VAL,LLE,g,4,1,3.326,1.05,2.17,1.444,1.4849999999999999,1.048,H,4.0
429,2019-11-05 20:00:00+00:00,Borussia Dortmund,Internazionale,DOR,INT,g,3,2,3.15,2.1,3.007,1.592,3.481,1.32,F,4.0
430,2019-11-05 20:00:00+00:00,Lyon,Benfica,LYON,BEN,g,3,1,2.664,1.05,1.38,1.172,1.08,1.2770000000000001,G,4.0
431,2019-11-06 17:55:00+00:00,Bayern Munich,Olympiacos,BMU,OLY,g,2,0,1.6139999999999999,0.0,3.317,0.14200000000000002,3.561,0.11,B,4.0
432,2019-11-06 17:55:00+00:00,Lokomotiv Moscow,Juventus,LOK,JUV,g,1,2,1.05,2.1,2.336,2.154,1.494,2.406,D,4.0
433,2019-11-06 20:00:00+00:00,Dinamo Zagreb,Shakhtar Donetsk,DIN,SHK,g,3,3,2.653,3.15,1.947,2.706,1.18,1.076,C,4.0
434,2019-11-06 20:00:00+00:00,Atalanta,Manchester City,ATA,MNC,g,1,1,1.05,1.05,0.716,1.975,1.289,2.225,C,4.0
435,2019-11-06 20:00:00+00:00,Real Madrid,Galatasaray,MAD,GAL,g,6,0,5.496,0.0,3.511,0.654,2.73,0.47100000000000003,A,4.0
436,2019-11-06 20:00:00+00:00,Bayer Leverkusen,Atletico Madrid,LEV,ATL,g,2,1,2.1,0.84,1.655,1.808,1.116,1.857,D,4.0
437,2019-11-06 20:00:00+00:00,Paris Saint-Germain,Club Brugge,PSG,CBKV,g,1,0,1.05,0.0,2.326,2.098,1.638,1.422,A,4.0
438,2019-11-06 20:00:00+00:00,Red Star Belgrade,Tottenham Hotspur,RED,TOT,g,0,4,0.0,3.813,0.656,4.424,0.277,2.152,B,4.0
439,2019-11-26 17:55:00+00:00,Galatasaray,Club Brugge,GAL,CBKV,g,1,1,1.05,1.05,1.182,1.07,0.458,1.15,A,5.0
440,2019-11-26 17:55:00+00:00,Lokomotiv Moscow,Bayer Leverkusen,LOK,LEV,g,0,2,0.0,2.1,0.973,0.664,0.708,0.978,D,5.0
441,2019-11-26 20:00:00+00:00,Tottenham Hotspur,Olympiacos,TOT,OLY,g,4,2,4.032,2.1,2.622,0.911,1.724,0.848,B,5.0
442,2019-11-26 20:00:00+00:00,Manchester City,Shakhtar Donetsk,MNC,SHK,g,1,1,1.05,1.05,1.245,1.219,2.586,0.47000000000000003,C,5.0
443,2019-11-26 20:00:00+00:00,Atalanta,Dinamo Zagreb,ATA,DIN,g,2,0,2.1,0.0,2.684,0.315,1.972,0.47900000000000004,C,5.0
444,2019-11-26 20:00:00+00:00,Juventus,Atletico Madrid,JUV,ATL,g,1,0,1.05,0.0,0.404,0.717,0.614,1.431,D,5.0
445,2019-11-26 20:00:00+00:00,Real Madrid,Paris Saint-Germain,MAD,PSG,g,2,2,1.867,2.1,4.144,2.8280000000000003,2.521,0.995,A,5.0
446,2019-11-26 20:00:00+00:00,Red Star Belgrade,Bayern Munich,RED,BMU,g,0,6,0.0,5.809,0.113,5.101,0.15,3.607,B,5.0
447,2019-11-27 17:55:00+00:00,Valencia,Chelsea,VAL,CHE,g,2,2,2.1,2.1,3.15,2.263,2.083,2.193,H,5.0
448,2019-11-27 17:55:00+00:00,Zenit St Petersburg,Lyon,ZEN,LYON,g,2,0,1.745,0.0,0.764,0.529,0.966,1.162,G,5.0
449,2019-11-27 20:00:00+00:00,Genk,FC Salzburg,GENK,SAL,g,1,4,1.05,3.774,1.9420000000000002,2.938,0.976,2.513,E,5.0
450,2019-11-27 20:00:00+00:00,Liverpool,Napoli,LIV,NAP,g,1,1,1.05,1.05,0.863,0.427,2.289,0.369,E,5.0
451,2019-11-27 20:00:00+00:00,Barcelona,Borussia Dortmund,BAR,DOR,g,3,1,3.15,1.05,2.223,1.625,2.335,1.178,F,5.0
452,2019-11-27 20:00:00+00:00,Lille,Ajax,LLE,AJX,g,0,2,0.0,2.1,2.063,1.297,1.427,1.5390000000000001,H,5.0
453,2019-11-27 20:00:00+00:00,Slavia Prague,Internazionale,SSP,INT,g,1,3,1.05,2.7030000000000003,2.229,2.345,0.994,1.24,F,5.0
454,2019-11-27 20:00:00+00:00,RB Leipzig,Benfica,RBL,BEN,g,2,2,2.1,2.1,3.141,0.5730000000000001,2.235,0.47100000000000003,G,5.0
455,2019-12-10 17:55:00+00:00,FC Salzburg,Liverpool,SAL,LIV,g,0,2,0.0,2.1,0.685,3.902,1.291,2.733,E,6.0
456,2019-12-10 17:55:00+00:00,Napoli,Genk,NAP,GENK,g,4,0,4.096,0.0,3.106,1.245,1.7000000000000002,1.879,E,6.0
457,2019-12-10 20:00:00+00:00,Chelsea,Lille,CHE,LLE,g,2,1,2.1,1.05,2.871,0.352,2.181,0.609,H,6.0
458,2019-12-10 20:00:00+00:00,Ajax,Valencia,AJX,VAL,g,0,1,0.0,1.05,1.272,0.979,2.3609999999999998,0.724,H,6.0
459,2019-12-10 20:00:00+00:00,Internazionale,Barcelona,INT,BAR,g,1,2,1.05,2.1,2.048,1.663,2.212,1.421,F,6.0
460,2019-12-10 20:00:00+00:00,Borussia Dortmund,Slavia Prague,DOR,SSP,g,2,1,2.1,1.05,2.819,2.836,1.514,1.8210000000000002,F,6.0
461,2019-12-10 20:00:00+00:00,Benfica,Zenit St Petersburg,BEN,ZEN,g,3,0,2.544,0.0,2.668,0.159,1.5390000000000001,0.377,G,6.0
462,2019-12-10 20:00:00+00:00,Lyon,RB Leipzig,LYON,RBL,g,2,2,2.1,2.1,1.502,3.32,1.135,1.647,G,6.0
463,2019-12-11 17:55:00+00:00,Dinamo Zagreb,Manchester City,DIN,MNC,g,1,4,1.05,3.854,0.37,3.32,0.363,2.399,C,6.0
464,2019-12-11 17:55:00+00:00,Shakhtar Donetsk,Atalanta,SHK,ATA,g,0,3,0.0,2.111,0.561,2.995,1.476,1.873,C,6.0
465,2019-12-11 20:00:00+00:00,Club Brugge,Real Madrid,CBKV,MAD,g,1,3,1.05,2.625,1.085,1.3860000000000001,1.244,1.7189999999999999,A,6.0
466,2019-12-11 20:00:00+00:00,Atletico Madrid,Lokomotiv Moscow,ATL,LOK,g,2,0,2.1,0.0,2.765,0.058,0.984,0.305,D,6.0
467,2019-12-11 20:00:00+00:00,Bayer Leverkusen,Juventus,LEV,JUV,g,0,2,0.0,1.5750000000000002,1.982,0.968,1.698,0.731,D,6.0
468,2019-12-11 20:00:00+00:00,Bayern Munich,Tottenham Hotspur,BMU,TOT,g,3,1,3.15,1.05,2.833,1.279,2.451,0.33,B,6.0
469,2019-12-11 20:00:00+00:00,Olympiacos,Red Star Belgrade,OLY,RED,g,1,0,1.05,0.0,3.477,1.178,2.262,0.293,B,6.0
470,2019-12-11 20:00:00+00:00,Paris Saint-Germain,Galatasaray,PSG,GAL,g,5,0,4.902,0.0,5.035,0.222,2.262,0.431,A,6.0
471,2020-02-18 20:00:00+00:00,Atletico Madrid,Liverpool,ATL,LIV,k,1,0,1.05,0.0,0.916,0.562,0.5629999999999991,1.413,,
472,2020-02-18 20:00:00+00:00,Borussia Dortmund,Paris Saint-Germain,DOR,PSG,k,2,1,2.1,1.05,1.615,1.268,0.973,1.1400000000000001,,
473,2020-02-19 20:00:00+00:00,Tottenham Hotspur,RB Leipzig,TOT,RBL,k,0,1,0.0,1.05,0.754,2.18,0.9520000000000001,1.002,,
474,2020-02-19 20:00:00+00:00,Atalanta,Valencia,ATA,VAL,k,4,1,4.2,1.05,1.681,2.44,1.3719999999999999,1.887,,
475,2020-02-25 20:00:00+00:00,Chelsea,Bayern Munich,CHE,BMU,k,0,3,0.0,3.15,1.083,2.992,0.812,2.332,,
476,2020-02-25 20:00:00+00:00,Napoli,Barcelona,NAP,BAR,k,1,1,1.05,1.05,0.755,1.838,0.587,1.955,,
477,2020-02-26 20:00:00+00:00,Real Madrid,Manchester City,MAD,MNC,k,1,2,1.05,2.1,1.439,3.212,1.135,1.375,,
478,2020-02-26 20:00:00+00:00,Lyon,Juventus,LYON,JUV,k,1,0,1.05,0.0,0.9510000000000001,1.188,0.643,1.8130000000000002,,
479,2020-03-10 20:00:00+00:00,Valencia,Atalanta,VAL,ATA,k,3,4,3.15,4.2,2.062,3.034,1.34,1.037,,
480,2020-03-10 20:00:00+00:00,RB Leipzig,Tottenham Hotspur,RBL,TOT,k,3,0,3.15,0.0,1.13,0.275,1.046,0.588,,
481,2020-03-11 20:00:00+00:00,Liverpool,Atletico Madrid,LIV,ATL,k,2,3,2.1,3.15,3.575,1.15,4.036,0.665,,
482,2020-03-11 20:00:00+00:00,Paris Saint-Germain,Borussia Dortmund,PSG,DOR,k,2,0,2.1,0.0,1.173,0.4,0.797,1.67,,
483,2020-08-07 19:00:00+00:00,Manchester City,Real Madrid,MNC,MAD,k,2,1,2.1,1.05,1.9729999999999999,0.74,2.157,1.262,,
484,2020-08-07 19:00:00+00:00,Juventus,Lyon,JUV,LYON,k,2,1,2.1,1.05,2.727,1.035,1.5310000000000001,0.532,,
485,2020-08-08 19:00:00+00:00,Barcelona,Napoli,BAR,NAP,k,3,1,3.15,1.05,1.225,2.275,1.573,1.469,,
486,2020-08-08 19:00:00+00:00,Bayern Munich,Chelsea,BMU,CHE,k,4,1,4.2,1.05,3.016,0.991,2.247,0.609,,
487,2020-08-12 19:00:00+00:00,Atalanta,Paris Saint-Germain,ATA,PSG,q,1,2,1.05,2.1,0.501,2.943,1.13,1.026,,
488,2020-08-13 19:00:00+00:00,RB Leipzig,Atletico Madrid,RBL,ATL,q,2,1,2.1,1.05,0.9409999999999991,1.038,1.881,1.246,,
489,2020-08-14 19:00:00+00:00,Barcelona,Bayern Munich,BAR,BMU,q,2,8,2.1,7.235,1.203,5.611,1.008,3.6710000000000003,,
490,2020-08-15 19:00:00+00:00,Manchester City,Lyon,MNC,LYON,q,1,3,1.05,2.719,3.061,0.894,1.287,0.41300000000000003,,
491,2020-08-18 19:00:00+00:00,RB Leipzig,Paris Saint-Germain,RBL,PSG,s,0,3,0.0,3.15,1.416,3.653,2.306,1.7429999999999999,,
492,2020-08-19 19:00:00+00:00,Lyon,Bayern Munich,LYON,BMU,s,0,3,0.0,2.694,1.623,3.238,0.787,2.083,,
493,2020-08-23 19:00:00+00:00,Paris Saint-Germain,Bayern Munich,PSG,BMU,f,0,1,0.0,1.05,1.4100000000000001,1.5510000000000002,1.048,1.313,,
494,2020-10-20 16:55:00+00:00,Dynamo Kiev,Juventus,KIEV,JUV,g,0,2,0.0,1.751,0.488,1.929,0.553,1.092,G,1.0
495,2020-10-20 16:55:00+00:00,Zenit St Petersburg,Club Brugge,ZEN,CBKV,g,1,2,1.05,2.1,1.806,2.545,1.709,1.252,F,1.0
496,2020-10-20 19:00:00+00:00,Chelsea,Sevilla FC,CHE,SEV,g,0,0,0.0,0.0,0.432,0.24,0.8300000000000001,0.8300000000000001,E,1.0
497,2020-10-20 19:00:00+00:00,Lazio,Borussia Dortmund,LAZ,DOR,g,3,1,3.01,1.05,1.7069999999999999,1.955,0.9429999999999991,1.741,F,1.0
498,2020-10-20 19:00:00+00:00,Barcelona,Ferencvaros,BAR,FERE,g,5,1,4.443,0.84,2.843,1.125,2.293,0.608,G,1.0
499,2020-10-20 19:00:00+00:00,Paris Saint-Germain,Manchester United,PSG,MAN,g,1,2,1.05,2.1,1.482,1.4,1.626,1.153,H,1.0
500,2020-10-20 19:00:00+00:00,Stade Rennes,FC Krasnodar,REN,KRA,g,1,1,1.05,1.05,2.543,1.323,1.6840000000000002,1.126,E,1.0
501,2020-10-20 19:00:00+00:00,RB Leipzig,Istanbul Basaksehir,RBL,IBB,g,2,0,2.1,0.0,1.1219999999999999,0.9480000000000001,1.7000000000000002,0.635,H,1.0
502,2020-10-21 16:55:00+00:00,FC Salzburg,Lokomotiv Moscow,SAL,LOK,g,2,2,2.1,2.1,0.9580000000000001,0.735,1.643,1.092,A,1.0
503,2020-10-21 16:55:00+00:00,Real Madrid,Shakhtar Donetsk,MAD,SHK,g,2,3,2.1,3.15,1.111,1.477,2.127,0.492,B,1.0
504,2020-10-21 19:00:00+00:00,FC Midtjylland,Atalanta,FCM,ATA,g,0,4,0.0,3.729,0.77,2.876,1.134,1.534,D,1.0
505,2020-10-21 19:00:00+00:00,Manchester City,FC Porto,MNC,POR,g,3,1,3.094,1.05,1.516,0.263,1.186,0.438,C,1.0
506,2020-10-21 19:00:00+00:00,Ajax,Liverpool,AJX,LIV,g,0,1,0.0,1.05,1.305,1.227,1.808,1.724,D,1.0
507,2020-10-21 19:00:00+00:00,Internazionale,Borussia Monchengladbach,INT,MGB,g,2,2,2.1,2.1,3.014,1.319,2.07,0.298,B,1.0
508,2020-10-21 19:00:00+00:00,Bayern Munich,Atletico Madrid,BMU,ATL,g,4,0,4.17,0.0,2.626,0.383,1.7229999999999999,1.041,A,1.0
509,2020-10-21 19:00:00+00:00,Olympiacos,Marseille,OLY,MRS,g,1,0,1.05,0.0,1.033,1.191,1.163,0.9379999999999991,C,1.0
510,2020-10-27 17:55:00+00:00,Shakhtar Donetsk,Internazionale,SHK,INT,g,0,0,0.0,0.0,0.099,1.978,0.089,2.651,B,2.0
511,2020-10-27 17:55:00+00:00,Lokomotiv Moscow,Bayern Munich,LOK,BMU,g,1,2,1.05,2.1,1.96,2.625,1.001,2.184,A,2.0
512,2020-10-27 20:00:00+00:00,Liverpool,FC Midtjylland,LIV,FCM,g,2,0,1.5750000000000002,0.0,1.8290000000000002,1.231,1.26,0.723,D,2.0
513,2020-10-27 20:00:00+00:00,Atalanta,Ajax,ATA,AJX,g,2,2,2.1,2.1,2.22,1.441,1.709,0.97,D,2.0
514,2020-10-27 20:00:00+00:00,Atletico Madrid,FC Salzburg,ATL,SAL,g,3,2,3.15,2.1,2.472,1.204,2.2640000000000002,1.34,A,2.0
515,2020-10-27 20:00:00+00:00,Borussia Monchengladbach,Real Madrid,MGB,MAD,g,2,2,2.1,2.1,1.3519999999999999,2.77,0.9379999999999991,2.441,B,2.0
516,2020-10-27 20:00:00+00:00,FC Porto,Olympiacos,POR,OLY,g,2,0,1.726,0.0,1.499,1.162,1.065,0.713,C,2.0
517,2020-10-27 20:00:00+00:00,Marseille,Manchester City,MRS,MNC,g,0,3,0.0,2.7199999999999998,0.062,1.9180000000000001,0.193,1.944,C,2.0
518,2020-10-28 17:55:00+00:00,Istanbul Basaksehir,Paris Saint-Germain,IBB,PSG,g,0,2,0.0,1.883,0.991,3.143,2.542,2.009,H,2.0
519,2020-10-28 17:55:00+00:00,FC Krasnodar,Chelsea,KRA,CHE,g,0,4,0.0,3.31,0.646,2.628,0.706,1.023,E,2.0
520,2020-10-28 20:00:00+00:00,Club Brugge,Lazio,CBKV,LAZ,g,1,1,1.05,1.05,2.117,0.777,1.869,0.665,F,2.0
521,2020-10-28 20:00:00+00:00,Manchester United,RB Leipzig,MAN,RBL,g,5,0,4.023,0.0,2.547,0.454,1.448,0.97,H,2.0
522,2020-10-28 20:00:00+00:00,Juventus,Barcelona,JUV,BAR,g,0,2,0.0,1.47,0.369,2.251,1.596,3.2439999999999998,G,2.0
523,2020-10-28 20:00:00+00:00,Borussia Dortmund,Zenit St Petersburg,DOR,ZEN,g,2,0,1.5750000000000002,0.0,1.783,0.166,1.7810000000000001,0.46,F,2.0
524,2020-10-28 20:00:00+00:00,Ferencvaros,Dynamo Kiev,FERE,KIEV,g,2,2,1.8900000000000001,2.1,1.052,1.667,0.995,0.8320000000000001,G,2.0
525,2020-10-28 20:00:00+00:00,Sevilla FC,Stade Rennes,SEV,REN,g,1,0,1.05,0.0,2.452,0.096,2.093,0.12,E,2.0
526,2020-11-03 17:55:00+00:00,Shakhtar Donetsk,Borussia Monchengladbach,SHK,MGB,g,0,6,0.0,6.107,0.397,2.206,0.483,1.876,B,3.0
527,2020-11-03 17:55:00+00:00,Lokomotiv Moscow,Atletico Madrid,LOK,ATL,g,1,1,1.05,1.05,0.898,1.1360000000000001,0.447,1.889,A,3.0
528,2020-11-03 20:00:00+00:00,FC Midtjylland,Ajax,FCM,AJX,g,1,2,1.05,2.1,0.739,0.397,1.103,1.187,D,3.0
529,2020-11-03 20:00:00+00:00,Manchester City,Olympiacos,MNC,OLY,g,3,0,2.362,0.0,2.003,0.433,2.463,0.17200000000000001,C,3.0
530,2020-11-03 20:00:00+00:00,FC Salzburg,Bayern Munich,SAL,BMU,g,2,6,2.1,5.0,1.796,3.017,1.373,2.325,A,3.0
531,2020-11-03 20:00:00+00:00,Atalanta,Liverpool,ATA,LIV,g,0,5,0.0,5.25,1.239,2.589,1.291,1.9689999999999999,D,3.0
532,2020-11-03 20:00:00+00:00,Real Madrid,Internazionale,MAD,INT,g,3,2,3.15,2.1,1.028,0.783,1.663,0.928,B,3.0
533,2020-11-03 20:00:00+00:00,FC Porto,Marseille,POR,MRS,g,3,0,3.15,0.0,2.107,0.988,0.853,0.443,C,3.0
534,2020-11-04 17:55:00+00:00,Istanbul Basaksehir,Manchester United,IBB,MAN,g,2,1,2.1,1.05,0.97,0.802,0.298,1.3780000000000001,H,3.0
535,2020-11-04 17:55:00+00:00,Zenit St Petersburg,Lazio,ZEN,LAZ,g,1,1,1.05,1.05,1.015,0.627,2.046,1.932,F,3.0
536,2020-11-04 20:00:00+00:00,Club Brugge,Borussia Dortmund,CBKV,DOR,g,0,3,0.0,3.15,0.9,1.9180000000000001,1.741,1.107,F,3.0
537,2020-11-04 20:00:00+00:00,Chelsea,Stade Rennes,CHE,REN,g,3,0,2.73,0.0,3.078,0.637,1.301,0.43,E,3.0
538,2020-11-04 20:00:00+00:00,Barcelona,Dynamo Kiev,BAR,KIEV,g,2,1,2.1,1.05,4.272,2.299,4.341,0.934,G,3.0
539,2020-11-04 20:00:00+00:00,Ferencvaros,Juventus,FERE,JUV,g,1,4,1.05,3.856,1.6320000000000001,2.919,0.577,1.677,G,3.0
540,2020-11-04 20:00:00+00:00,RB Leipzig,Paris Saint-Germain,RBL,PSG,g,2,1,2.1,1.05,2.08,1.592,1.059,1.06,H,3.0
541,2020-11-04 20:00:00+00:00,Sevilla FC,FC Krasnodar,SEV,KRA,g,3,2,3.15,2.1,2.014,1.383,2.628,1.584,E,3.0
542,2020-11-24 17:55:00+00:00,Stade Rennes,Chelsea,REN,CHE,g,1,2,1.05,2.1,1.155,2.127,1.5779999999999998,1.139,E,4.0
543,2020-11-24 17:55:00+00:00,FC Krasnodar,Sevilla FC,KRA,SEV,g,1,2,1.05,2.1,1.072,1.397,2.278,1.966,E,4.0
544,2020-11-24 20:00:00+00:00,Manchester United,Istanbul Basaksehir,MAN,IBB,g,4,1,3.675,1.05,2.882,1.344,1.87,1.184,H,4.0
545,2020-11-24 20:00:00+00:00,Lazio,Zenit St Petersburg,LAZ,ZEN,g,3,1,3.15,1.05,3.444,0.51,1.6480000000000001,1.968,F,4.0
546,2020-11-24 20:00:00+00:00,Juventus,Ferencvaros,JUV,FERE,g,2,1,2.1,1.05,0.9460000000000001,0.36,2.488,0.503,G,4.0
547,2020-11-24 20:00:00+00:00,Borussia Dortmund,Club Brugge,DOR,CBKV,g,3,0,3.15,0.0,1.552,0.07,1.952,0.653,F,4.0
548,2020-11-24 20:00:00+00:00,Dynamo Kiev,Barcelona,KIEV,BAR,g,0,4,0.0,3.675,0.387,2.98,0.595,2.429,G,4.0
549,2020-11-24 20:00:00+00:00,Paris Saint-Germain,RB Leipzig,PSG,RBL,g,1,0,1.05,0.0,1.204,0.9580000000000001,1.011,2.693,H,4.0
550,2020-11-25 17:55:00+00:00,Borussia Monchengladbach,Shakhtar Donetsk,MGB,SHK,g,4,0,4.028,0.0,2.91,0.736,1.338,0.902,B,4.0
551,2020-11-25 17:55:00+00:00,Olympiacos,Manchester City,OLY,MNC,g,0,1,0.0,1.05,0.061,2.616,0.06,3.915,C,4.0
552,2020-11-25 20:00:00+00:00,Liverpool,Atalanta,LIV,ATA,g,0,2,0.0,2.1,0.182,1.49,0.8280000000000001,1.075,D,4.0
553,2020-11-25 20:00:00+00:00,Ajax,FC Midtjylland,AJX,FCM,g,3,1,3.15,1.05,2.34,1.283,1.54,0.653,D,4.0
554,2020-11-25 20:00:00+00:00,Internazionale,Real Madrid,INT,MAD,g,0,2,0.0,1.8900000000000001,0.226,2.334,0.88,1.948,B,4.0
555,2020-11-25 20:00:00+00:00,Atletico Madrid,Lokomotiv Moscow,ATL,LOK,g,0,0,0.0,0.0,0.9399999999999991,0.131,1.8170000000000002,0.519,A,4.0
556,2020-11-25 20:00:00+00:00,Bayern Munich,FC Salzburg,BMU,SAL,g,3,1,3.15,0.84,1.572,3.133,1.403,1.6520000000000001,A,4.0
557,2020-11-25 20:00:00+00:00,Marseille,FC Porto,MRS,POR,g,0,2,0.0,2.064,1.239,2.112,1.089,0.647,C,4.0
558,2020-12-01 17:55:00+00:00,Shakhtar Donetsk,Real Madrid,SHK,MAD,g,2,0,1.7890000000000001,0.0,1.437,1.347,0.485,1.314,B,5.0
559,2020-12-01 17:55:00+00:00,Lokomotiv Moscow,FC Salzburg,LOK,SAL,g,1,3,1.05,2.875,1.074,2.604,1.001,2.109,A,5.0
560,2020-12-01 20:00:00+00:00,Liverpool,Ajax,LIV,AJX,g,1,0,1.05,0.0,2.521,1.533,1.649,1.417,D,5.0
561,2020-12-01 20:00:00+00:00,Atalanta,FC Midtjylland,ATA,FCM,g,1,1,1.05,1.05,2.556,0.6980000000000001,2.407,0.6980000000000001,D,5.0
562,2020-12-01 20:00:00+00:00,Atletico Madrid,Bayern Munich,ATL,BMU,g,1,1,1.05,1.05,1.505,1.038,1.467,0.643,A,5.0
563,2020-12-01 20:00:00+00:00,Borussia Monchengladbach,Internazionale,MGB,INT,g,2,3,2.1,3.096,1.258,1.7730000000000001,0.936,2.106,B,5.0
564,2020-12-01 20:00:00+00:00,FC Porto,Manchester City,POR,MNC,g,0,0,0.0,0.0,0.065,2.55,0.41500000000000004,1.968,C,5.0
565,2020-12-01 20:00:00+00:00,Marseille,Olympiacos,MRS,OLY,g,2,1,2.1,1.05,2.044,0.329,0.8220000000000001,1.355,C,5.0
566,2020-12-02 17:55:00+00:00,Istanbul Basaksehir,RB Leipzig,IBB,RBL,g,3,4,3.15,4.2,1.202,2.238,0.635,2.333,H,5.0
567,2020-12-02 17:55:00+00:00,FC Krasnodar,Stade Rennes,KRA,REN,g,1,0,1.05,0.0,1.6219999999999999,0.739,1.262,1.121,E,5.0
568,2020-12-02 20:00:00+00:00,Club Brugge,Zenit St Petersburg,CBKV,ZEN,g,3,0,3.074,0.0,1.939,0.196,1.755,0.592,F,5.0
569,2020-12-02 20:00:00+00:00,Manchester United,Paris Saint-Germain,MAN,PSG,g,1,3,1.05,2.52,1.266,2.659,1.607,1.635,H,5.0
570,2020-12-02 20:00:00+00:00,Juventus,Dynamo Kiev,JUV,KIEV,g,3,0,3.15,0.0,2.899,0.632,1.9849999999999999,0.799,G,5.0
571,2020-12-02 20:00:00+00:00,Borussia Dortmund,Lazio,DOR,LAZ,g,1,1,1.05,1.05,1.4,1.616,1.178,1.6320000000000001,F,5.0
572,2020-12-02 20:00:00+00:00,Ferencvaros,Barcelona,FERE,BAR,g,0,3,0.0,3.15,0.9580000000000001,3.59,0.839,2.807,G,5.0
573,2020-12-02 20:00:00+00:00,Sevilla FC,Chelsea,SEV,CHE,g,0,4,0.0,3.7720000000000002,1.2810000000000001,2.441,0.915,1.075,E,5.0
574,2020-12-08 17:55:00+00:00,Lazio,Club Brugge,LAZ,CBKV,g,2,2,2.1,2.1,3.021,1.158,1.3900000000000001,0.889,F,6.0
575,2020-12-08 17:55:00+00:00,Zenit St Petersburg,Borussia Dortmund,ZEN,DOR,g,1,2,1.05,2.1,1.225,1.458,1.509,2.042,F,6.0
576,2020-12-08 20:00:00+00:00,Chelsea,FC Krasnodar,CHE,KRA,g,1,1,1.05,1.05,2.55,0.435,1.903,1.137,E,6.0
577,2020-12-08 20:00:00+00:00,Barcelona,Juventus,BAR,JUV,g,0,3,0.0,3.15,1.286,2.286,2.898,1.303,G,6.0
578,2020-12-08 20:00:00+00:00,Dynamo Kiev,Ferencvaros,KIEV,FERE,g,1,0,1.05,0.0,0.588,0.643,0.62,0.772,G,6.0
579,2020-12-08 20:00:00+00:00,Paris Saint-Germain,Istanbul Basaksehir,PSG,IBB,g,5,1,5.25,1.05,3.24,0.732,2.283,0.595,H,6.0
580,2020-12-08 20:00:00+00:00,Stade Rennes,Sevilla FC,REN,SEV,g,1,3,1.05,2.866,2.316,1.116,1.5899999999999999,0.889,E,6.0
581,2020-12-08 20:00:00+00:00,RB Leipzig,Manchester United,RBL,MAN,g,3,2,3.15,2.1,1.591,2.1,0.561,1.6360000000000001,H,6.0
582,2020-12-09 17:55:00+00:00,FC Midtjylland,Liverpool,FCM,LIV,g,1,1,1.05,1.05,2.388,1.361,2.099,1.148,D,6.0
583,2020-12-09 17:55:00+00:00,Ajax,Atalanta,AJX,ATA,g,0,1,0.0,0.84,0.727,0.979,0.685,1.071,D,6.0
584,2020-12-09 20:00:00+00:00,Manchester City,Marseille,MNC,MRS,g,3,0,2.464,0.0,3.019,0.591,2.191,0.873,C,6.0
585,2020-12-09 20:00:00+00:00,FC Salzburg,Atletico Madrid,SAL,ATL,g,0,2,0.0,1.7000000000000002,1.342,0.79,1.979,1.074,A,6.0
586,2020-12-09 20:00:00+00:00,Internazionale,Shakhtar Donetsk,INT,SHK,g,0,0,0.0,0.0,1.6840000000000002,0.393,2.648,0.531,B,6.0
587,2020-12-09 20:00:00+00:00,Real Madrid,Borussia Monchengladbach,MAD,MGB,g,2,0,2.1,0.0,2.918,0.736,2.597,0.672,B,6.0
588,2020-12-09 20:00:00+00:00,Bayern Munich,Lokomotiv Moscow,BMU,LOK,g,2,0,1.846,0.0,1.492,0.34600000000000003,2.794,0.29,A,6.0
589,2020-12-09 20:00:00+00:00,Olympiacos,FC Porto,OLY,POR,g,0,2,0.0,1.936,0.713,0.978,0.846,0.519,C,6.0
590,2021-02-16 20:00:00+00:00,Barcelona,Paris Saint-Germain,BAR,PSG,k,1,4,1.05,4.2,1.661,3.667,1.5670000000000002,1.837,,
591,2021-02-16 20:00:00+00:00,RB Leipzig,Liverpool,RBL,LIV,k,0,2,0.0,2.1,1.192,1.796,1.5670000000000002,0.801,,
592,2021-02-17 20:00:00+00:00,FC Porto,Juventus,POR,JUV,k,2,1,2.1,1.05,1.26,0.851,0.487,2.115,,
593,2021-02-17 20:00:00+00:00,Sevilla FC,Borussia Dortmund,SEV,DOR,k,2,3,2.1,3.15,1.083,1.336,0.771,1.006,,
594,2021-02-23 20:00:00+00:00,Lazio,Bayern Munich,LAZ,BMU,k,1,4,1.05,4.2,0.973,2.225,1.115,1.804,,
595,2021-02-23 20:00:00+00:00,Atletico Madrid,Chelsea,ATL,CHE,k,0,1,0.0,1.05,0.782,1.127,0.719,1.139,,
596,2021-02-24 20:00:00+00:00,Atalanta,Real Madrid,ATA,MAD,k,0,1,0.0,0.84,0.188,1.375,0.663,2.01,,
597,2021-02-24 20:00:00+00:00,Borussia Monchengladbach,Manchester City,MGB,MNC,k,0,2,0.0,2.1,0.441,1.638,0.10400000000000001,1.791,,
598,2021-03-09 20:00:00+00:00,Juventus,FC Porto,JUV,POR,k,3,2,2.73,2.1,3.2720000000000002,1.807,4.044,0.81,,
599,2021-03-09 20:00:00+00:00,Borussia Dortmund,Sevilla FC,DOR,SEV,k,2,2,2.1,2.1,2.093,2.066,1.051,2.132,,
600,2021-03-10 20:00:00+00:00,Liverpool,RB Leipzig,LIV,RBL,k,2,0,2.1,0.0,3.035,0.972,0.862,1.376,,
601,2021-03-10 20:00:00+00:00,Paris Saint-Germain,Barcelona,PSG,BAR,k,1,1,1.05,1.05,1.646,2.702,0.799,4.624,,
602,2021-03-16 20:00:00+00:00,Manchester City,Borussia Monchengladbach,MNC,MGB,k,2,0,2.1,0.0,1.445,0.258,1.255,0.35100000000000003,,
603,2021-03-16 20:00:00+00:00,Real Madrid,Atalanta,MAD,ATA,k,3,1,3.15,1.05,2.8120000000000003,1.437,1.472,1.533,,
604,2021-03-17 20:00:00+00:00,Chelsea,Atletico Madrid,CHE,ATL,k,2,0,1.8900000000000001,0.0,1.9460000000000002,0.634,1.674,0.9500000000000001,,
605,2021-03-17 20:00:00+00:00,Bayern Munich,Lazio,BMU,LAZ,k,2,1,2.1,1.05,1.775,1.038,1.283,0.795,,
606,2021-04-06 19:00:00+00:00,Manchester City,Borussia Dortmund,MNC,DOR,q,2,1,2.1,1.05,2.32,1.125,1.4020000000000001,0.885,,
607,2021-04-06 19:00:00+00:00,Real Madrid,Liverpool,MAD,LIV,q,3,1,3.15,1.05,1.991,0.913,1.026,1.085,,
608,2021-04-07 19:00:00+00:00,Bayern Munich,Paris Saint-Germain,BMU,PSG,q,2,3,2.1,3.15,4.237,1.928,4.957,0.255,,
609,2021-04-07 19:00:00+00:00,FC Porto,Chelsea,POR,CHE,q,0,2,0.0,2.1,1.675,1.659,1.802,0.602,,
610,2021-04-13 19:00:00+00:00,Chelsea,FC Porto,CHE,POR,q,0,1,0.0,1.05,1.1,0.643,0.646,1.307,,
611,2021-04-13 19:00:00+00:00,Paris Saint-Germain,Bayern Munich,PSG,BMU,q,0,1,0.0,1.05,1.982,1.491,1.442,2.715,,
612,2021-04-14 19:00:00+00:00,Liverpool,Real Madrid,LIV,MAD,q,0,0,0.0,0.0,1.347,0.8129999999999991,3.357,0.916,,
613,2021-04-14 19:00:00+00:00,Borussia Dortmund,Manchester City,DOR,MNC,q,1,2,1.05,2.1,0.6000000000000001,2.983,1.033,1.5630000000000002,,
614,2021-04-27 19:00:00+00:00,Real Madrid,Chelsea,MAD,CHE,s,1,1,1.05,1.05,0.7010000000000001,1.524,1.446,1.3980000000000001,,
615,2021-04-28 19:00:00+00:00,Paris Saint-Germain,Manchester City,PSG,MNC,s,1,2,1.05,2.1,1.7610000000000001,1.005,1.78,1.073,,
616,2021-05-04 19:00:00+00:00,Manchester City,Paris Saint-Germain,MNC,PSG,s,2,0,2.1,0.0,1.653,0.9,1.31,1.353,,
617,2021-05-05 19:00:00+00:00,Chelsea,Real Madrid,CHE,MAD,s,2,0,2.1,0.0,3.6470000000000002,0.453,1.687,0.61,,
618,2021-05-29 19:00:00+00:00,Manchester City,Chelsea,MNC,CHE,f,0,1,0.0,1.05,0.515,1.381,1.1219999999999999,1.435,,
619,2021-09-14 16:45:00+00:00,Young Boys,Manchester United,BSCY,MAN,g,2,1,1.6800000000000002,1.05,1.459,0.638,1.291,0.587,F,1.0
620,2021-09-14 16:45:00+00:00,Sevilla FC,FC Salzburg,SEV,SAL,g,1,1,1.05,1.05,1.47,2.79,1.163,0.986,G,1.0
621,2021-09-14 19:00:00+00:00,Chelsea,Zenit St Petersburg,CHE,ZEN,g,1,0,1.05,0.0,0.8170000000000001,0.771,2.319,0.649,H,1.0
622,2021-09-14 19:00:00+00:00,Barcelona,Bayern Munich,BAR,BMU,g,0,3,0.0,2.7720000000000002,0.231,2.564,0.40700000000000003,2.342,E,1.0
623,2021-09-14 19:00:00+00:00,Villarreal,Atalanta,VLR,ATA,g,2,2,2.1,2.1,2.656,1.034,1.199,1.083,F,1.0
624,2021-09-14 19:00:00+00:00,Malmo FF,Juventus,MAL,JUV,g,0,3,0.0,3.15,0.459,2.912,0.871,1.702,H,1.0
625,2021-09-14 19:00:00+00:00,Dynamo Kiev,Benfica,KIEV,BEN,g,0,0,0.0,0.0,0.585,1.215,0.355,1.11,E,1.0
626,2021-09-14 19:00:00+00:00,Lille,VfL Wolfsburg,LLE,WLF,g,0,0,0.0,0.0,1.365,0.065,1.826,0.389,G,1.0
627,2021-09-15 16:45:00+00:00,Besiktas,Borussia Dortmund,BES,DOR,g,1,2,1.05,2.1,1.137,3.274,2.051,3.422,C,1.0
628,2021-09-15 16:45:00+00:00,FC Sheriff Tiraspol,Shakhtar Donetsk,FST,SHK,g,2,0,2.1,0.0,1.108,0.866,1.081,2.407,D,1.0
629,2021-09-15 19:00:00+00:00,Club Brugge,Paris Saint-Germain,CBKV,PSG,g,1,1,1.05,1.05,1.351,1.863,1.101,1.8050000000000002,A,1.0
630,2021-09-15 19:00:00+00:00,Liverpool,AC Milan,LIV,MIL,g,3,2,3.15,2.1,2.933,1.545,2.466,0.902,B,1.0
631,2021-09-15 19:00:00+00:00,Manchester City,RB Leipzig,MNC,RBL,g,6,3,5.671,3.15,2.636,0.927,1.254,1.225,A,1.0
632,2021-09-15 19:00:00+00:00,Internazionale,Real Madrid,INT,MAD,g,0,1,0.0,1.05,2.24,1.003,1.63,2.331,D,1.0
633,2021-09-15 19:00:00+00:00,Atletico Madrid,FC Porto,ATL,POR,g,0,0,0.0,0.0,0.372,1.7429999999999999,0.843,0.634,B,1.0
634,2021-09-15 19:00:00+00:00,Sporting CP,Ajax,SCP,AJX,g,1,5,1.05,5.25,0.641,2.73,0.745,1.244,C,1.0
635,2021-09-28 16:45:00+00:00,Ajax,Besiktas,AJX,BES,g,2,0,2.1,0.0,3.303,0.538,3.15,0.684,C,2.0
636,2021-09-28 16:45:00+00:00,Shakhtar Donetsk,Internazionale,SHK,INT,g,0,0,0.0,0.0,1.159,0.9570000000000001,0.8230000000000001,1.091,D,2.0
637,2021-09-28 19:00:00+00:00,AC Milan,Atletico Madrid,MIL,ATL,g,1,2,1.05,1.6800000000000002,0.657,2.409,0.441,2.963,B,2.0
638,2021-09-28 19:00:00+00:00,Real Madrid,FC Sheriff Tiraspol,MAD,FST,g,1,2,1.05,2.1,3.11,0.308,3.575,0.47400000000000003,D,2.0
639,2021-09-28 19:00:00+00:00,Borussia Dortmund,Sporting CP,DOR,SCP,g,1,0,1.05,0.0,0.396,0.379,0.633,0.8140000000000001,C,2.0
640,2021-09-28 19:00:00+00:00,FC Porto,Liverpool,POR,LIV,g,1,5,1.05,4.809,1.026,4.11,1.038,1.5270000000000001,B,2.0
641,2021-09-28 19:00:00+00:00,Paris Saint-Germain,Manchester City,PSG,MNC,g,2,0,2.009,0.0,0.5760000000000001,2.838,0.9410000000000001,2.357,A,2.0
642,2021-09-28 19:00:00+00:00,RB Leipzig,Club Brugge,RBL,CBKV,g,1,2,1.05,2.1,1.23,1.422,2.135,1.118,A,2.0
643,2021-09-29 16:45:00+00:00,Atalanta,Young Boys,ATA,BSCY,g,1,0,1.05,0.0,2.171,0.09,2.769,0.5650000000000001,F,2.0
644,2021-09-29 16:45:00+00:00,Zenit St Petersburg,Malmo FF,ZEN,MAL,g,4,0,3.155,0.0,2.742,0.452,3.51,0.557,H,2.0
645,2021-09-29 19:00:00+00:00,Manchester United,Villarreal,MAN,VLR,g,2,1,2.1,1.05,1.266,2.75,2.257,0.972,F,2.0
646,2021-09-29 19:00:00+00:00,FC Salzburg,Lille,SAL,LLE,g,2,1,2.1,1.05,2.253,0.449,0.781,0.88,G,2.0
647,2021-09-29 19:00:00+00:00,Juventus,Chelsea,JUV,CHE,g,1,0,1.05,0.0,0.8150000000000001,1.522,0.586,2.6790000000000003,H,2.0
648,2021-09-29 19:00:00+00:00,VfL Wolfsburg,Sevilla FC,WLF,SEV,g,1,1,1.05,0.84,1.272,1.099,0.965,1.021,G,2.0
649,2021-09-29 19:00:00+00:00,Bayern Munich,Dynamo Kiev,BMU,KIEV,g,5,0,4.725,0.0,2.518,0.32,3.547,0.885,E,2.0
650,2021-09-29 19:00:00+00:00,Benfica,Barcelona,BEN,BAR,g,3,0,2.928,0.0,1.945,1.483,1.181,1.319,E,2.0
651,2021-10-19 16:45:00+00:00,Club Brugge,Manchester City,CBKV,MNC,g,1,5,1.05,4.9030000000000005,0.679,4.858,0.721,2.707,A,3.0
652,2021-10-19 16:45:00+00:00,Besiktas,Sporting CP,BES,SCP,g,1,4,1.05,3.706,0.8260000000000001,4.598,1.113,1.638,C,3.0
653,2021-10-19 19:00:00+00:00,Ajax,Borussia Dortmund,AJX,DOR,g,4,0,4.165,0.0,2.029,1.191,2.938,1.017,C,3.0
654,2021-10-19 19:00:00+00:00,Internazionale,FC Sheriff Tiraspol,INT,FST,g,3,1,3.15,1.05,2.3609999999999998,0.436,3.792,0.9500000000000001,D,3.0
655,2021-10-19 19:00:00+00:00,Atletico Madrid,Liverpool,ATL,LIV,g,2,3,2.1,2.94,2.101,1.256,0.916,1.521,B,3.0
656,2021-10-19 19:00:00+00:00,Shakhtar Donetsk,Real Madrid,SHK,MAD,g,0,5,0.0,4.725,0.453,2.199,0.8230000000000001,2.733,D,3.0
657,2021-10-19 19:00:00+00:00,FC Porto,AC Milan,POR,MIL,g,1,0,1.05,0.0,1.46,0.139,1.964,0.603,B,3.0
658,2021-10-19 19:00:00+00:00,Paris Saint-Germain,RB Leipzig,PSG,RBL,g,3,2,3.15,2.1,3.727,2.095,1.45,2.245,A,3.0
659,2021-10-20 16:45:00+00:00,FC Salzburg,VfL Wolfsburg,SAL,WLF,g,3,1,2.971,1.05,2.563,0.876,1.589,0.786,G,3.0
660,2021-10-20 16:45:00+00:00,Barcelona,Dynamo Kiev,BAR,KIEV,g,1,0,1.05,0.0,2.341,0.112,2.374,0.418,E,3.0
661,2021-10-20 19:00:00+00:00,Chelsea,Malmo FF,CHE,MAL,g,4,0,4.2,0.0,2.533,0.07200000000000001,2.749,0.133,H,3.0
662,2021-10-20 19:00:00+00:00,Manchester United,Atalanta,MAN,ATA,g,3,2,3.15,2.1,3.045,1.5939999999999999,1.9140000000000001,0.9470000000000001,F,3.0
663,2021-10-20 19:00:00+00:00,Young Boys,Villarreal,BSCY,VLR,g,1,4,1.05,3.206,2.0,3.005,1.1400000000000001,1.071,F,3.0
664,2021-10-20 19:00:00+00:00,Benfica,Bayern Munich,BEN,BMU,g,0,4,0.0,3.295,0.748,3.187,1.124,2.115,E,3.0
665,2021-10-20 19:00:00+00:00,Zenit St Petersburg,Juventus,ZEN,JUV,g,0,1,0.0,1.05,0.597,1.027,0.678,1.9420000000000002,H,3.0
666,2021-10-20 19:00:00+00:00,Lille,Sevilla FC,LLE,SEV,g,0,0,0.0,0.0,0.81,0.8270000000000001,0.592,0.864,G,3.0
667,2021-11-02 17:45:00+00:00,VfL Wolfsburg,FC Salzburg,WLF,SAL,g,2,1,2.1,1.05,1.694,1.533,1.087,0.865,G,4.0
668,2021-11-02 17:45:00+00:00,Malmo FF,Chelsea,MAL,CHE,g,0,1,0.0,1.05,0.233,2.484,0.21,2.999,H,4.0
669,2021-11-02 20:00:00+00:00,Atalanta,Manchester United,ATA,MAN,g,2,2,2.1,2.1,1.56,1.141,0.6880000000000001,1.8,F,4.0
670,2021-11-02 20:00:00+00:00,Juventus,Zenit St Petersburg,JUV,ZEN,g,4,2,3.818,2.1,2.807,1.436,2.245,1.355,H,4.0
671,2021-11-02 20:00:00+00:00,Villarreal,Young Boys,VLR,BSCY,g,2,0,1.619,0.0,2.5140000000000002,1.092,1.549,1.302,F,4.0
672,2021-11-02 20:00:00+00:00,Bayern Munich,Benfica,BMU,BEN,g,5,2,4.89,2.1,4.77,0.894,3.745,0.614,E,4.0
673,2021-11-02 20:00:00+00:00,Dynamo Kiev,Barcelona,KIEV,BAR,g,0,1,0.0,1.05,1.087,0.8130000000000001,0.81,1.62,E,4.0
674,2021-11-02 20:00:00+00:00,Sevilla FC,Lille,SEV,LLE,g,1,2,1.05,2.1,0.979,2.082,1.023,1.033,G,4.0
675,2021-11-03 17:45:00+00:00,AC Milan,FC Porto,MIL,POR,g,1,1,1.05,1.05,0.765,1.94,1.189,1.788,B,4.0
676,2021-11-03 17:45:00+00:00,Real Madrid,Shakhtar Donetsk,MAD,SHK,g,2,1,2.1,1.05,1.815,1.141,3.101,1.505,D,4.0
677,2021-11-03 20:00:00+00:00,Liverpool,Atletico Madrid,LIV,ATL,g,2,0,2.1,0.0,3.072,0.242,1.7650000000000001,0.489,B,4.0
678,2021-11-03 20:00:00+00:00,Manchester City,Club Brugge,MNC,CBKV,g,4,1,3.64,1.05,4.318,0.681,3.974,0.432,A,4.0
679,2021-11-03 20:00:00+00:00,Borussia Dortmund,Ajax,DOR,AJX,g,1,3,1.05,2.1,1.694,1.873,0.937,2.162,C,4.0
680,2021-11-03 20:00:00+00:00,Sporting CP,Besiktas,SCP,BES,g,4,0,4.2,0.0,2.769,1.237,1.21,0.627,C,4.0
681,2021-11-03 20:00:00+00:00,FC Sheriff Tiraspol,Internazionale,FST,INT,g,1,3,1.05,2.842,0.28800000000000003,2.963,0.437,3.19,D,4.0
682,2021-11-03 20:00:00+00:00,RB Leipzig,Paris Saint-Germain,RBL,PSG,g,2,2,2.1,2.1,3.197,2.749,2.068,0.9390000000000001,A,4.0
683,2021-11-23 17:45:00+00:00,Villarreal,Manchester United,VLR,MAN,g,0,2,0.0,1.596,0.638,1.291,1.081,0.745,F,5.0
684,2021-11-23 17:45:00+00:00,Dynamo Kiev,Bayern Munich,KIEV,BMU,g,1,2,1.05,2.1,1.121,1.148,1.118,2.453,E,5.0
685,2021-11-23 20:00:00+00:00,Chelsea,Juventus,CHE,JUV,g,4,0,3.675,0.0,3.024,0.762,2.033,0.714,H,5.0
686,2021-11-23 20:00:00+00:00,Barcelona,Benfica,BAR,BEN,g,0,0,0.0,0.0,1.241,0.606,1.449,0.5750000000000001,E,5.0
687,2021-11-23 20:00:00+00:00,Malmo FF,Zenit St Petersburg,MAL,ZEN,g,1,1,1.05,1.05,0.23600000000000002,1.857,0.452,1.508,H,5.0
688,2021-11-23 20:00:00+00:00,Young Boys,Atalanta,BSCY,ATA,g,3,3,3.15,3.15,0.777,0.9580000000000001,1.052,1.459,F,5.0
689,2021-11-23 20:00:00+00:00,Lille,FC Salzburg,LLE,SAL,g,1,0,1.05,0.0,0.846,0.483,1.065,0.791,G,5.0
690,2021-11-23 20:00:00+00:00,Sevilla FC,VfL Wolfsburg,SEV,WLF,g,2,0,1.5750000000000002,0.0,1.53,0.289,1.7069999999999999,0.762,G,5.0
691,2021-11-24 17:45:00+00:00,Internazionale,Shakhtar Donetsk,INT,SHK,g,2,0,2.1,0.0,2.479,0.49,2.064,0.775,D,5.0
692,2021-11-24 17:45:00+00:00,Besiktas,Ajax,BES,AJX,g,1,2,1.05,2.1,1.7850000000000001,2.56,0.842,3.162,C,5.0
693,2021-11-24 20:00:00+00:00,Club Brugge,RB Leipzig,CBKV,RBL,g,0,5,0.0,4.725,0.891,3.942,1.183,2.5789999999999997,A,5.0
694,2021-11-24 20:00:00+00:00,Liverpool,FC Porto,LIV,POR,g,2,0,2.1,0.0,0.756,1.145,1.6,1.213,B,5.0
695,2021-11-24 20:00:00+00:00,Manchester City,Paris Saint-Germain,MNC,PSG,g,2,1,2.1,1.05,1.7970000000000002,1.288,2.055,0.721,A,5.0
696,2021-11-24 20:00:00+00:00,Atletico Madrid,AC Milan,ATL,MIL,g,0,1,0.0,1.05,0.9500000000000001,1.354,0.809,1.429,B,5.0
697,2021-11-24 20:00:00+00:00,Sporting CP,Borussia Dortmund,SCP,DOR,g,3,1,2.715,1.05,2.004,1.752,0.918,2.071,C,5.0
698,2021-11-24 20:00:00+00:00,FC Sheriff Tiraspol,Real Madrid,FST,MAD,g,0,3,0.0,3.15,1.241,1.4140000000000001,0.6900000000000001,3.268,D,5.0
699,2021-12-07 17:45:00+00:00,Paris Saint-Germain,Club Brugge,PSG,CBKV,g,4,1,4.053,1.05,4.007,1.073,1.941,1.409,A,6.0
700,2021-12-07 17:45:00+00:00,RB Leipzig,Manchester City,RBL,MNC,g,2,1,2.086,1.05,1.3980000000000001,1.5350000000000001,1.18,1.9729999999999999,A,6.0
701,2021-12-07 20:00:00+00:00,Ajax,Sporting CP,AJX,SCP,g,4,2,4.2,2.1,2.176,1.067,1.637,0.742,C,6.0
702,2021-12-07 20:00:00+00:00,AC Milan,Liverpool,MIL,LIV,g,1,2,1.05,2.1,1.203,1.651,1.22,1.025,B,6.0
703,2021-12-07 20:00:00+00:00,Real Madrid,Internazionale,MAD,INT,g,2,0,1.705,0.0,0.975,0.965,1.472,1.998,D,6.0
704,2021-12-07 20:00:00+00:00,Borussia Dortmund,Besiktas,DOR,BES,g,5,0,4.2,0.0,3.731,0.029,3.995,0.377,C,6.0
705,2021-12-07 20:00:00+00:00,Shakhtar Donetsk,FC Sheriff Tiraspol,SHK,FST,g,1,1,1.05,1.05,1.758,1.058,2.293,1.198,D,6.0
706,2021-12-07 20:00:00+00:00,FC Porto,Atletico Madrid,POR,ATL,g,1,3,1.05,2.121,1.5939999999999999,3.898,1.111,0.47000000000000003,B,6.0
707,2021-12-08 17:45:00+00:00,Juventus,Malmo FF,JUV,MAL,g,1,0,1.05,0.0,2.165,0.199,1.528,0.441,H,6.0
708,2021-12-08 17:45:00+00:00,Zenit St Petersburg,Chelsea,ZEN,CHE,g,3,3,3.15,3.15,2.14,2.384,1.671,2.545,H,6.0
709,2021-12-08 20:00:00+00:00,Manchester United,Young Boys,MAN,BSCY,g,1,1,1.05,1.05,1.157,1.391,0.649,1.88,F,6.0
710,2021-12-08 20:00:00+00:00,FC Salzburg,Sevilla FC,SAL,SEV,g,1,0,1.05,0.0,0.721,0.983,0.462,0.523,G,6.0
711,2021-12-08 20:00:00+00:00,VfL Wolfsburg,Lille,WLF,LLE,g,1,3,1.05,2.934,0.651,2.386,1.124,0.674,G,6.0
712,2021-12-08 20:00:00+00:00,Bayern Munich,Barcelona,BMU,BAR,g,3,0,3.15,0.0,2.275,0.437,1.71,0.968,E,6.0
713,2021-12-08 20:00:00+00:00,Benfica,Dynamo Kiev,BEN,KIEV,g,2,0,2.1,0.0,1.215,0.935,0.966,1.709,E,6.0
714,2021-12-09 18:00:00+00:00,Atalanta,Villarreal,ATA,VLR,g,2,3,2.1,3.15,1.92,1.823,2.238,0.793,F,6.0
715,2022-02-15 20:00:00+00:00,Sporting CP,Manchester City,SCP,MNC,k,0,5,0.0,5.25,0.14300000000000002,2.358,0.502,1.27,,
716,2022-02-15 20:00:00+00:00,Paris Saint-Germain,Real Madrid,PSG,MAD,k,1,0,1.05,0.0,2.025,0.168,1.9340000000000002,0.381,,
717,2022-02-16 20:00:00+00:00,FC Salzburg,Bayern Munich,SAL,BMU,k,1,1,1.05,1.05,1.041,2.49,0.743,3.178,,
718,2022-02-16 20:00:00+00:00,Internazionale,Liverpool,INT,LIV,k,0,2,0.0,2.1,0.486,1.5779999999999998,1.444,1.299,,
719,2022-02-22 20:00:00+00:00,Chelsea,Lille,CHE,LLE,k,2,0,2.1,0.0,1.553,0.6890000000000001,1.311,0.796,,
720,2022-02-22 20:00:00+00:00,Villarreal,Juventus,VLR,JUV,k,1,1,1.05,1.05,1.1360000000000001,0.451,1.184,0.916,,
721,2022-02-23 20:00:00+00:00,Atletico Madrid,Manchester United,ATL,MAN,k,1,1,1.05,1.05,1.6320000000000001,0.451,0.806,0.483,,
722,2022-02-23 20:00:00+00:00,Benfica,Ajax,BEN,AJX,k,2,2,2.1,2.1,1.736,1.967,1.174,1.03,,
723,2022-03-08 20:00:00+00:00,Liverpool,Internazionale,LIV,INT,k,0,1,0.0,1.05,1.982,0.39,2.154,0.535,,
724,2022-03-08 20:00:00+00:00,Bayern Munich,FC Salzburg,BMU,SAL,k,7,1,7.35,1.05,3.517,0.627,2.766,0.522,,
725,2022-03-09 20:00:00+00:00,Manchester City,Sporting CP,MNC,SCP,k,0,0,0.0,0.0,1.7000000000000002,0.599,2.124,0.195,,
726,2022-03-09 20:00:00+00:00,Real Madrid,Paris Saint-Germain,MAD,PSG,k,3,1,3.15,1.05,2.118,1.9300000000000002,2.401,1.121,,
727,2022-03-15 20:00:00+00:00,Manchester United,Atletico Madrid,MAN,ATL,k,0,1,0.0,1.05,1.01,0.638,1.239,0.556,,
728,2022-03-15 20:00:00+00:00,Ajax,Benfica,AJX,BEN,k,0,1,0.0,1.05,1.036,0.592,3.153,0.836,,
729,2022-03-16 20:00:00+00:00,Juventus,Villarreal,JUV,VLR,k,0,3,0.0,3.15,1.475,2.392,1.287,0.878,,
730,2022-03-16 20:00:00+00:00,Lille,Chelsea,LLE,CHE,k,1,2,1.05,2.1,1.369,1.105,0.847,0.508,,
731,2022-04-05 19:00:00+00:00,Manchester City,Atletico Madrid,MNC,ATL,q,1,0,1.05,0.0,1.199,0.0,1.445,0.289,,
732,2022-04-05 19:00:00+00:00,Benfica,Liverpool,BEN,LIV,q,1,3,1.05,3.15,0.9450000000000001,3.7960000000000003,0.626,2.271,,
733,2022-04-06 19:00:00+00:00,Chelsea,Real Madrid,CHE,MAD,q,1,3,1.05,3.15,1.616,0.9520000000000001,1.525,0.502,,
734,2022-04-06 19:00:00+00:00,Villarreal,Bayern Munich,VLR,BMU,q,1,0,1.05,0.0,1.617,1.284,1.469,2.301,,
735,2022-04-12 19:00:00+00:00,Real Madrid,Chelsea,MAD,CHE,q,2,3,2.1,3.15,1.212,2.842,1.286,2.857,,
736,2022-04-12 19:00:00+00:00,Bayern Munich,Villarreal,BMU,VLR,q,1,1,1.05,1.05,1.464,0.732,2.783,0.561,,
737,2022-04-13 19:00:00+00:00,Liverpool,Benfica,LIV,BEN,q,3,3,3.15,3.15,2.307,0.9440000000000001,3.088,0.555,,
738,2022-04-13 19:00:00+00:00,Atletico Madrid,Manchester City,ATL,MNC,q,0,0,0.0,0.0,0.807,0.974,1.006,1.187,,
739,2022-04-26 19:00:00+00:00,Manchester City,Real Madrid,MNC,MAD,s,4,3,4.2,3.15,3.307,1.62,1.7389999999999999,0.98,,
740,2022-04-27 19:00:00+00:00,Liverpool,Villarreal,LIV,VLR,s,2,0,2.1,0.0,1.843,0.09,2.481,0.186,,
741,2022-05-03 19:00:00+00:00,Villarreal,Liverpool,VLR,LIV,s,2,3,2.1,3.15,1.478,1.587,0.86,1.607,,
742,2022-05-04 19:00:00+00:00,Real Madrid,Manchester City,MAD,MNC,s,3,1,3.15,1.05,2.602,1.7309999999999999,2.3970000000000002,1.841,,
743,2022-05-28 19:36:00+00:00,Liverpool,Real Madrid,LIV,MAD,f,0,1,0.0,1.05,2.124,0.74,2.8040000000000003,0.506,,
